Workbook

Sheet 문장
A1: No | B1: sNo | C1: 구분2_참고 | D1: 구분 | E1: 한국어 | F1: 힌트 | G1: 영어 | H1: 외운것 | I1: 틀린것 | J1: 날짜 | K1: 날짜1차 | L1: 날짜2차 | M1: 날짜3차 | N1: 외운것2차 | O1: 외운것3차 | P1: 틀린것_1차 | Q1: 틀린것_2차 | R1: 틀린것_3차
A2: 1 | B2: 1 | C2: 기본문 훈련 | D2: 기본문 훈련 | E2: 나는 책을 읽는다 | F2: 나 - 읽는다 - 책 | G2: I read a book. | H2: {=MIN(SUMIF('외운 것'!A2:A271,A2,'외운 것'!D2:D271)+IF(R2=0,3,IF(R2=1,2,0)),3)} -> 3 | I2: {=_xlfn.COUNTIFS('외운 것'!A2:A271,A2,'외운 것'!D2:D271,0)} -> 0 | J2: {=IF(R2<>0,IF(H2>=3,_xlfn.XLOOKUP(A2,'외운 것'!A2:A271,'외운 것'!C2:C271,0,1),0),"3차")} -> 3차 | K2: {=IF(P2<>0,IF(N2>=3,_xlfn.XLOOKUP(A2,'외운 것'!A2:A271,'외운 것'!C2:C271,0,1),0),"1차")} -> 1차 | L2: {=IF(Q2<>0,IF(N2>=3,_xlfn.XLOOKUP(A2,'외운 것'!A2:A271,'외운 것'!C2:C271,0,1),0),"2차")} -> 2차 | M2: {=IF(R2<>0,IF(O2>=3,_xlfn.XLOOKUP(B2,'외운 것'!B2:B271,'외운 것'!D2:D271,0,1),0),"3차")} -> 3차 | N2: 3 | O2: 3 | P2: 0 | Q2: 0 | R2: 0
A3: 2 | B3: 2 | C3: 기본문 훈련 | D3: 기본문 훈련 | E3: 그는 음식을 요리한다 | F3: 그 - 요리한다 - 음식 | G3: He cooks food. | H3: {=MIN(SUMIF('외운 것'!A2:A271,A3,'외운 것'!D2:D271)+IF(R3=0,3,IF(R3=1,2,0)),3)} -> 3 | I3: {=_xlfn.COUNTIFS('외운 것'!A2:A271,A3,'외운 것'!D2:D271,0)} -> 0 | J3: {=IF(R3<>0,IF(H3>=3,_xlfn.XLOOKUP(A3,'외운 것'!A2:A271,'외운 것'!C2:C271,0,1),0),"3차")} -> 3차 | K3: {=IF(P3<>0,IF(N3>=3,_xlfn.XLOOKUP(A3,'외운 것'!A2:A271,'외운 것'!C2:C271,0,1),0),"1차")} -> 1차 | L3: {=IF(Q3<>0,IF(N3>=3,_xlfn.XLOOKUP(A3,'외운 것'!A2:A271,'외운 것'!C2:C271,0,1),0),"2차")} -> 2차 | M3: {=IF(R3<>0,IF(O3>=3,_xlfn.XLOOKUP(B3,'외운 것'!B2:B271,'외운 것'!D2:D271,0,1),0),"3차")} -> 3차 | N3: 3 | O3: 3 | P3: 0 | Q3: 0 | R3: 0
A4: 3 | B4: 3 | C4: 기본문 훈련 | D4: 기본문 훈련 | E4: 그녀는 편지를 쓴다 | F4: 그녀 - 쓴다 - 편지 | G4: She writes a letter. | H4: {=MIN(SUMIF('외운 것'!A2:A271,A4,'외운 것'!D2:D271)+IF(R4=0,3,IF(R4=1,2,0)),3)} -> 3 | I4: {=_xlfn.COUNTIFS('외운 것'!A2:A271,A4,'외운 것'!D2:D271,0)} -> 0 | J4: {=IF(R4<>0,IF(H4>=3,_xlfn.XLOOKUP(A4,'외운 것'!A2:A271,'외운 것'!C2:C271,0,1),0),"3차")} -> 3차 | K4: {=IF(P4<>0,IF(N4>=3,_xlfn.XLOOKUP(A4,'외운 것'!A2:A271,'외운 것'!C2:C271,0,1),0),"1차")} -> 1차 | L4: {=IF(Q4<>0,IF(N4>=3,_xlfn.XLOOKUP(A4,'외운 것'!A2:A271,'외운 것'!C2:C271,0,1),0),"2차")} -> 2차 | M4: {=IF(R4<>0,IF(O4>=3,_xlfn.XLOOKUP(B4,'외운 것'!B2:B271,'외운 것'!D2:D271,0,1),0),"3차")} -> 3차 | N4: 3 | O4: 3 | P4: 0 | Q4: 0 | R4: 0
A5: 4 | B5: 4 | C5: 기본문 훈련 | D5: 기본문 훈련 | E5: 우리는 영화를 본다 | F5: 우리 - 본다 - 영화 | G5: We watch a movie. | H5: {=MIN(SUMIF('외운 것'!A2:A271,A5,'외운 것'!D2:D271)+IF(R5=0,3,IF(R5=1,2,0)),3)} -> 3 | I5: {=_xlfn.COUNTIFS('외운 것'!A2:A271,A5,'외운 것'!D2:D271,0)} -> 0 | J5: {=IF(R5<>0,IF(H5>=3,_xlfn.XLOOKUP(A5,'외운 것'!A2:A271,'외운 것'!C2:C271,0,1),0),"3차")} -> 3차 | K5: {=IF(P5<>0,IF(N5>=3,_xlfn.XLOOKUP(A5,'외운 것'!A2:A271,'외운 것'!C2:C271,0,1),0),"1차")} -> 1차 | L5: {=IF(Q5<>0,IF(N5>=3,_xlfn.XLOOKUP(A5,'외운 것'!A2:A271,'외운 것'!C2:C271,0,1),0),"2차")} -> 2차 | M5: {=IF(R5<>0,IF(O5>=3,_xlfn.XLOOKUP(B5,'외운 것'!B2:B271,'외운 것'!D2:D271,0,1),0),"3차")} -> 3차 | N5: 3 | O5: 3 | P5: 0 | Q5: 0 | R5: 0
A6: 5 | B6: 5 | C6: 기본문 훈련 | D6: 기본문 훈련 | E6: 너는 음악을 듣는다 | F6: 너 - 듣는다 - 음악 | G6: You listen to music. | H6: {=MIN(SUMIF('외운 것'!A2:A271,A6,'외운 것'!D2:D271)+IF(R6=0,3,IF(R6=1,2,0)),3)} -> 3 | I6: {=_xlfn.COUNTIFS('외운 것'!A2:A271,A6,'외운 것'!D2:D271,0)} -> 0 | J6: {=IF(R6<>0,IF(H6>=3,_xlfn.XLOOKUP(A6,'외운 것'!A2:A271,'외운 것'!C2:C271,0,1),0),"3차")} -> 3차 | K6: {=IF(P6<>0,IF(N6>=3,_xlfn.XLOOKUP(A6,'외운 것'!A2:A271,'외운 것'!C2:C271,0,1),0),"1차")} -> 0 | L6: {=IF(Q6<>0,IF(N6>=3,_xlfn.XLOOKUP(A6,'외운 것'!A2:A271,'외운 것'!C2:C271,0,1),0),"2차")} -> 2차 | M6: {=IF(R6<>0,IF(O6>=3,_xlfn.XLOOKUP(B6,'외운 것'!B2:B271,'외운 것'!D2:D271,0,1),0),"3차")} -> 3차 | N6: 2 | O6: 3 | P6: 1 | Q6: 0 | R6: 0
A7: 6 | B7: 6 | C7: 기본문 훈련 | D7: 기본문 훈련 | E7: 그들은 게임을 한다 | F7: 그들 - 한다 - 게임 | G7: They play a game. | H7: {=MIN(SUMIF('외운 것'!A2:A271,A7,'외운 것'!D2:D271)+IF(R7=0,3,IF(R7=1,2,0)),3)} -> 3 | I7: {=_xlfn.COUNTIFS('외운 것'!A2:A271,A7,'외운 것'!D2:D271,0)} -> 0 | J7: {=IF(R7<>0,IF(H7>=3,_xlfn.XLOOKUP(A7,'외운 것'!A2:A271,'외운 것'!C2:C271,0,1),0),"3차")} -> 3차 | K7: {=IF(P7<>0,IF(N7>=3,_xlfn.XLOOKUP(A7,'외운 것'!A2:A271,'외운 것'!C2:C271,0,1),0),"1차")} -> 1차 | L7: {=IF(Q7<>0,IF(N7>=3,_xlfn.XLOOKUP(A7,'외운 것'!A2:A271,'외운 것'!C2:C271,0,1),0),"2차")} -> 2차 | M7: {=IF(R7<>0,IF(O7>=3,_xlfn.XLOOKUP(B7,'외운 것'!B2:B271,'외운 것'!D2:D271,0,1),0),"3차")} -> 3차 | N7: 3 | O7: 3 | P7: 0 | Q7: 0 | R7: 0
A8: 7 | B8: 7 | C8: 기본문 훈련 | D8: 기본문 훈련 | E8: 나는 커피를 마신다 | F8: 나 - 마신다 - 커피 | G8: I drink coffee. | H8: {=MIN(SUMIF('외운 것'!A2:A271,A8,'외운 것'!D2:D271)+IF(R8=0,3,IF(R8=1,2,0)),3)} -> 3 | I8: {=_xlfn.COUNTIFS('외운 것'!A2:A271,A8,'외운 것'!D2:D271,0)} -> 0 | J8: {=IF(R8<>0,IF(H8>=3,_xlfn.XLOOKUP(A8,'외운 것'!A2:A271,'외운 것'!C2:C271,0,1),0),"3차")} -> 3차 | K8: {=IF(P8<>0,IF(N8>=3,_xlfn.XLOOKUP(A8,'외운 것'!A2:A271,'외운 것'!C2:C271,0,1),0),"1차")} -> 1차 | L8: {=IF(Q8<>0,IF(N8>=3,_xlfn.XLOOKUP(A8,'외운 것'!A2:A271,'외운 것'!C2:C271,0,1),0),"2차")} -> 2차 | M8: {=IF(R8<>0,IF(O8>=3,_xlfn.XLOOKUP(B8,'외운 것'!B2:B271,'외운 것'!D2:D271,0,1),0),"3차")} -> 3차 | N8: 3 | O8: 3 | P8: 0 | Q8: 0 | R8: 0
A9: 8 | B9: 8 | C9: 기본문 훈련 | D9: 기본문 훈련 | E9: 그는 차를 운전한다 | F9: 그 - 운전한다 - 차 | G9: He drives a car. | H9: {=MIN(SUMIF('외운 것'!A2:A271,A9,'외운 것'!D2:D271)+IF(R9=0,3,IF(R9=1,2,0)),3)} -> 3 | I9: {=_xlfn.COUNTIFS('외운 것'!A2:A271,A9,'외운 것'!D2:D271,0)} -> 0 | J9: {=IF(R9<>0,IF(H9>=3,_xlfn.XLOOKUP(A9,'외운 것'!A2:A271,'외운 것'!C2:C271,0,1),0),"3차")} -> 3차 | K9: {=IF(P9<>0,IF(N9>=3,_xlfn.XLOOKUP(A9,'외운 것'!A2:A271,'외운 것'!C2:C271,0,1),0),"1차")} -> 1차 | L9: {=IF(Q9<>0,IF(N9>=3,_xlfn.XLOOKUP(A9,'외운 것'!A2:A271,'외운 것'!C2:C271,0,1),0),"2차")} -> 2차 | M9: {=IF(R9<>0,IF(O9>=3,_xlfn.XLOOKUP(B9,'외운 것'!B2:B271,'외운 것'!D2:D271,0,1),0),"3차")} -> 3차 | N9: 3 | O9: 3 | P9: 0 | Q9: 0 | R9: 0
A10: 9 | B10: 9 | C10: 기본문 훈련 | D10: 기본문 훈련 | E10: 그녀는 방을 청소한다 | F10: 그녀 - 청소한다 - 방 | G10: She cleans the room. | H10: {=MIN(SUMIF('외운 것'!A2:A271,A10,'외운 것'!D2:D271)+IF(R10=0,3,IF(R10=1,2,0)),3)} -> 3 | I10: {=_xlfn.COUNTIFS('외운 것'!A2:A271,A10,'외운 것'!D2:D271,0)} -> 0 | J10: {=IF(R10<>0,IF(H10>=3,_xlfn.XLOOKUP(A10,'외운 것'!A2:A271,'외운 것'!C2:C271,0,1),0),"3차")} -> 3차 | K10: {=IF(P10<>0,IF(N10>=3,_xlfn.XLOOKUP(A10,'외운 것'!A2:A271,'외운 것'!C2:C271,0,1),0),"1차")} -> 1차 | L10: {=IF(Q10<>0,IF(N10>=3,_xlfn.XLOOKUP(A10,'외운 것'!A2:A271,'외운 것'!C2:C271,0,1),0),"2차")} -> 2차 | M10: {=IF(R10<>0,IF(O10>=3,_xlfn.XLOOKUP(B10,'외운 것'!B2:B271,'외운 것'!D2:D271,0,1),0),"3차")} -> 3차 | N10: 3 | O10: 3 | P10: 0 | Q10: 0 | R10: 0
A11: 10 | B11: 10 | C11: 기본문 훈련 | D11: 기본문 훈련 | E11: 우리는 문제를 푼다 | F11: 우리 - 푼다 - 문제 | G11: We solve a problem. | H11: {=MIN(SUMIF('외운 것'!A2:A271,A11,'외운 것'!D2:D271)+IF(R11=0,3,IF(R11=1,2,0)),3)} -> 3 | I11: {=_xlfn.COUNTIFS('외운 것'!A2:A271,A11,'외운 것'!D2:D271,0)} -> 0 | J11: {=IF(R11<>0,IF(H11>=3,_xlfn.XLOOKUP(A11,'외운 것'!A2:A271,'외운 것'!C2:C271,0,1),0),"3차")} -> 3차 | K11: {=IF(P11<>0,IF(N11>=3,_xlfn.XLOOKUP(A11,'외운 것'!A2:A271,'외운 것'!C2:C271,0,1),0),"1차")} -> 1차 | L11: {=IF(Q11<>0,IF(N11>=3,_xlfn.XLOOKUP(A11,'외운 것'!A2:A271,'외운 것'!C2:C271,0,1),0),"2차")} -> 2차 | M11: {=IF(R11<>0,IF(O11>=3,_xlfn.XLOOKUP(B11,'외운 것'!B2:B271,'외운 것'!D2:D271,0,1),0),"3차")} -> 3차 | N11: 3 | O11: 3 | P11: 0 | Q11: 0 | R11: 0
A12: 11 | B12: 11 | C12: 기본문 훈련 | D12: 기본문 훈련 | E12: 우리는 저녁을 먹는다. | F12: 우리 - 먹는다 - 저녁 | G12: We eat dinner. | H12: {=MIN(SUMIF('외운 것'!A2:A271,A12,'외운 것'!D2:D271)+IF(R12=0,3,IF(R12=1,2,0)),3)} -> 3 | I12: {=_xlfn.COUNTIFS('외운 것'!A2:A271,A12,'외운 것'!D2:D271,0)} -> 0 | J12: {=IF(R12<>0,IF(H12>=3,_xlfn.XLOOKUP(A12,'외운 것'!A2:A271,'외운 것'!C2:C271,0,1),0),"3차")} -> 3차 | K12: {=IF(P12<>0,IF(N12>=3,_xlfn.XLOOKUP(A12,'외운 것'!A2:A271,'외운 것'!C2:C271,0,1),0),"1차")} -> 0 | L12: {=IF(Q12<>0,IF(N12>=3,_xlfn.XLOOKUP(A12,'외운 것'!A2:A271,'외운 것'!C2:C271,0,1),0),"2차")} -> 0 | M12: {=IF(R12<>0,IF(O12>=3,_xlfn.XLOOKUP(B12,'외운 것'!B2:B271,'외운 것'!D2:D271,0,1),0),"3차")} -> 3차 | N12: 2 | O12: 3 | P12: 1 | Q12: 1 | R12: 0
A13: 12 | B13: 12 | C13: 기본문 훈련 | D13: 기본문 훈련 | E13: 그는 축구를 한다. | F13: 그 - 한다 - 축구 | G13: He plays soccer. | H13: {=MIN(SUMIF('외운 것'!A2:A271,A13,'외운 것'!D2:D271)+IF(R13=0,3,IF(R13=1,2,0)),3)} -> 3 | I13: {=_xlfn.COUNTIFS('외운 것'!A2:A271,A13,'외운 것'!D2:D271,0)} -> 0 | J13: {=IF(R13<>0,IF(H13>=3,_xlfn.XLOOKUP(A13,'외운 것'!A2:A271,'외운 것'!C2:C271,0,1),0),"3차")} -> 3차 | K13: {=IF(P13<>0,IF(N13>=3,_xlfn.XLOOKUP(A13,'외운 것'!A2:A271,'외운 것'!C2:C271,0,1),0),"1차")} -> 1차 | L13: {=IF(Q13<>0,IF(N13>=3,_xlfn.XLOOKUP(A13,'외운 것'!A2:A271,'외운 것'!C2:C271,0,1),0),"2차")} -> 2차 | M13: {=IF(R13<>0,IF(O13>=3,_xlfn.XLOOKUP(B13,'외운 것'!B2:B271,'외운 것'!D2:D271,0,1),0),"3차")} -> 3차 | N13: 3 | O13: 3 | P13: 0 | Q13: 0 | R13: 0
A14: 13 | B14: 13 | C14: 기본문 훈련 | D14: 기본문 훈련 | E14: 아이는 사탕을 좋아한다. | F14: 아이 - 좋아한다 - 사탕 | G14: The child likes candy. | H14: {=MIN(SUMIF('외운 것'!A2:A271,A14,'외운 것'!D2:D271)+IF(R14=0,3,IF(R14=1,2,0)),3)} -> 3 | I14: {=_xlfn.COUNTIFS('외운 것'!A2:A271,A14,'외운 것'!D2:D271,0)} -> 0 | J14: {=IF(R14<>0,IF(H14>=3,_xlfn.XLOOKUP(A14,'외운 것'!A2:A271,'외운 것'!C2:C271,0,1),0),"3차")} -> 3차 | K14: {=IF(P14<>0,IF(N14>=3,_xlfn.XLOOKUP(A14,'외운 것'!A2:A271,'외운 것'!C2:C271,0,1),0),"1차")} -> 1차 | L14: {=IF(Q14<>0,IF(N14>=3,_xlfn.XLOOKUP(A14,'외운 것'!A2:A271,'외운 것'!C2:C271,0,1),0),"2차")} -> 2차 | M14: {=IF(R14<>0,IF(O14>=3,_xlfn.XLOOKUP(B14,'외운 것'!B2:B271,'외운 것'!D2:D271,0,1),0),"3차")} -> 3차 | N14: 3 | O14: 3 | P14: 0 | Q14: 0 | R14: 0
A15: 14 | B15: 14 | C15: 기본문 훈련 | D15: 기본문 훈련 | E15: 그녀는 영어를 공부한다. | F15: 그녀 - 공부한다 - 영어 | G15: She studies English. | H15: {=MIN(SUMIF('외운 것'!A2:A271,A15,'외운 것'!D2:D271)+IF(R15=0,3,IF(R15=1,2,0)),3)} -> 3 | I15: {=_xlfn.COUNTIFS('외운 것'!A2:A271,A15,'외운 것'!D2:D271,0)} -> 0 | J15: {=IF(R15<>0,IF(H15>=3,_xlfn.XLOOKUP(A15,'외운 것'!A2:A271,'외운 것'!C2:C271,0,1),0),"3차")} -> 3차 | K15: {=IF(P15<>0,IF(N15>=3,_xlfn.XLOOKUP(A15,'외운 것'!A2:A271,'외운 것'!C2:C271,0,1),0),"1차")} -> 1차 | L15: {=IF(Q15<>0,IF(N15>=3,_xlfn.XLOOKUP(A15,'외운 것'!A2:A271,'외운 것'!C2:C271,0,1),0),"2차")} -> 2차 | M15: {=IF(R15<>0,IF(O15>=3,_xlfn.XLOOKUP(B15,'외운 것'!B2:B271,'외운 것'!D2:D271,0,1),0),"3차")} -> 3차 | N15: 3 | O15: 3 | P15: 0 | Q15: 0 | R15: 0
A16: 15 | B16: 15 | C16: 기본문 훈련 | D16: 기본문 훈련 | E16: 그는 물을 마신다. | F16: 그 - 마신다 - 물 | G16: He drinks water. | H16: {=MIN(SUMIF('외운 것'!A2:A271,A16,'외운 것'!D2:D271)+IF(R16=0,3,IF(R16=1,2,0)),3)} -> 3 | I16: {=_xlfn.COUNTIFS('외운 것'!A2:A271,A16,'외운 것'!D2:D271,0)} -> 0 | J16: {=IF(R16<>0,IF(H16>=3,_xlfn.XLOOKUP(A16,'외운 것'!A2:A271,'외운 것'!C2:C271,0,1),0),"3차")} -> 3차 | K16: {=IF(P16<>0,IF(N16>=3,_xlfn.XLOOKUP(A16,'외운 것'!A2:A271,'외운 것'!C2:C271,0,1),0),"1차")} -> 1차 | L16: {=IF(Q16<>0,IF(N16>=3,_xlfn.XLOOKUP(A16,'외운 것'!A2:A271,'외운 것'!C2:C271,0,1),0),"2차")} -> 2차 | M16: {=IF(R16<>0,IF(O16>=3,_xlfn.XLOOKUP(B16,'외운 것'!B2:B271,'외운 것'!D2:D271,0,1),0),"3차")} -> 3차 | N16: 3 | O16: 3 | P16: 0 | Q16: 0 | R16: 0
A17: 16 | B17: 16 | C17: 기본문 훈련 | D17: 기본문 훈련 | E17: 나는 슬프다 | F17: 나 - 이다 - 슬픈 상태 | G17: I am sad. | H17: {=MIN(SUMIF('외운 것'!A2:A271,A17,'외운 것'!D2:D271)+IF(R17=0,3,IF(R17=1,2,0)),3)} -> 3 | I17: {=_xlfn.COUNTIFS('외운 것'!A2:A271,A17,'외운 것'!D2:D271,0)} -> 0 | J17: {=IF(R17<>0,IF(H17>=3,_xlfn.XLOOKUP(A17,'외운 것'!A2:A271,'외운 것'!C2:C271,0,1),0),"3차")} -> 3차 | K17: {=IF(P17<>0,IF(N17>=3,_xlfn.XLOOKUP(A17,'외운 것'!A2:A271,'외운 것'!C2:C271,0,1),0),"1차")} -> 1차 | L17: {=IF(Q17<>0,IF(N17>=3,_xlfn.XLOOKUP(A17,'외운 것'!A2:A271,'외운 것'!C2:C271,0,1),0),"2차")} -> 2차 | M17: {=IF(R17<>0,IF(O17>=3,_xlfn.XLOOKUP(B17,'외운 것'!B2:B271,'외운 것'!D2:D271,0,1),0),"3차")} -> 3차 | N17: 3 | O17: 3 | P17: 0 | Q17: 0 | R17: 0
A18: 17 | B18: 17 | C18: 기본문 훈련 | D18: 기본문 훈련 | E18: 그는 피곤하다 | F18: 그 - 이다 - 피곤한 상태 | G18: He is tired. | H18: {=MIN(SUMIF('외운 것'!A2:A271,A18,'외운 것'!D2:D271)+IF(R18=0,3,IF(R18=1,2,0)),3)} -> 3 | I18: {=_xlfn.COUNTIFS('외운 것'!A2:A271,A18,'외운 것'!D2:D271,0)} -> 0 | J18: {=IF(R18<>0,IF(H18>=3,_xlfn.XLOOKUP(A18,'외운 것'!A2:A271,'외운 것'!C2:C271,0,1),0),"3차")} -> 3차 | K18: {=IF(P18<>0,IF(N18>=3,_xlfn.XLOOKUP(A18,'외운 것'!A2:A271,'외운 것'!C2:C271,0,1),0),"1차")} -> 1차 | L18: {=IF(Q18<>0,IF(N18>=3,_xlfn.XLOOKUP(A18,'외운 것'!A2:A271,'외운 것'!C2:C271,0,1),0),"2차")} -> 2차 | M18: {=IF(R18<>0,IF(O18>=3,_xlfn.XLOOKUP(B18,'외운 것'!B2:B271,'외운 것'!D2:D271,0,1),0),"3차")} -> 3차 | N18: 3 | O18: 3 | P18: 0 | Q18: 0 | R18: 0
A19: 18 | B19: 18 | C19: 기본문 훈련 | D19: 기본문 훈련 | E19: 그녀는 행복하다. | F19: 그녀 - 이다 - 행복한 상태 | G19: She is happy. | H19: {=MIN(SUMIF('외운 것'!A2:A271,A19,'외운 것'!D2:D271)+IF(R19=0,3,IF(R19=1,2,0)),3)} -> 3 | I19: {=_xlfn.COUNTIFS('외운 것'!A2:A271,A19,'외운 것'!D2:D271,0)} -> 0 | J19: {=IF(R19<>0,IF(H19>=3,_xlfn.XLOOKUP(A19,'외운 것'!A2:A271,'외운 것'!C2:C271,0,1),0),"3차")} -> 3차 | K19: {=IF(P19<>0,IF(N19>=3,_xlfn.XLOOKUP(A19,'외운 것'!A2:A271,'외운 것'!C2:C271,0,1),0),"1차")} -> 1차 | L19: {=IF(Q19<>0,IF(N19>=3,_xlfn.XLOOKUP(A19,'외운 것'!A2:A271,'외운 것'!C2:C271,0,1),0),"2차")} -> 2차 | M19: {=IF(R19<>0,IF(O19>=3,_xlfn.XLOOKUP(B19,'외운 것'!B2:B271,'외운 것'!D2:D271,0,1),0),"3차")} -> 3차 | N19: 3 | O19: 3 | P19: 0 | Q19: 0 | R19: 0
A20: 19 | B20: 19 | C20: 기본문 훈련 | D20: 기본문 훈련 | E20: 우리는 배고프다 | F20: 우리 - 이다 - 배고픈 상태 | G20: We are hungry. | H20: {=MIN(SUMIF('외운 것'!A2:A271,A20,'외운 것'!D2:D271)+IF(R20=0,3,IF(R20=1,2,0)),3)} -> 3 | I20: {=_xlfn.COUNTIFS('외운 것'!A2:A271,A20,'외운 것'!D2:D271,0)} -> 0 | J20: {=IF(R20<>0,IF(H20>=3,_xlfn.XLOOKUP(A20,'외운 것'!A2:A271,'외운 것'!C2:C271,0,1),0),"3차")} -> 3차 | K20: {=IF(P20<>0,IF(N20>=3,_xlfn.XLOOKUP(A20,'외운 것'!A2:A271,'외운 것'!C2:C271,0,1),0),"1차")} -> 1차 | L20: {=IF(Q20<>0,IF(N20>=3,_xlfn.XLOOKUP(A20,'외운 것'!A2:A271,'외운 것'!C2:C271,0,1),0),"2차")} -> 2차 | M20: {=IF(R20<>0,IF(O20>=3,_xlfn.XLOOKUP(B20,'외운 것'!B2:B271,'외운 것'!D2:D271,0,1),0),"3차")} -> 3차 | N20: 3 | O20: 3 | P20: 0 | Q20: 0 | R20: 0
A21: 20 | B21: 20 | C21: 기본문 훈련 | D21: 기본문 훈련 | E21: 너는 신나다 | F21: 너 - 이다 - 신난 상태 | G21: You are excited. | H21: {=MIN(SUMIF('외운 것'!A2:A271,A21,'외운 것'!D2:D271)+IF(R21=0,3,IF(R21=1,2,0)),3)} -> 3 | I21: {=_xlfn.COUNTIFS('외운 것'!A2:A271,A21,'외운 것'!D2:D271,0)} -> 0 | J21: {=IF(R21<>0,IF(H21>=3,_xlfn.XLOOKUP(A21,'외운 것'!A2:A271,'외운 것'!C2:C271,0,1),0),"3차")} -> 3차 | K21: {=IF(P21<>0,IF(N21>=3,_xlfn.XLOOKUP(A21,'외운 것'!A2:A271,'외운 것'!C2:C271,0,1),0),"1차")} -> 0 | L21: {=IF(Q21<>0,IF(N21>=3,_xlfn.XLOOKUP(A21,'외운 것'!A2:A271,'외운 것'!C2:C271,0,1),0),"2차")} -> 2차 | M21: {=IF(R21<>0,IF(O21>=3,_xlfn.XLOOKUP(B21,'외운 것'!B2:B271,'외운 것'!D2:D271,0,1),0),"3차")} -> 3차 | N21: 2 | O21: 3 | P21: 1 | Q21: 0 | R21: 0
A22: 21 | B22: 21 | C22: 기본문 훈련 | D22: 기본문 훈련 | E22: 그들은 화가 났다 | F22: 그들 - 이다 - 화난 상태 | G22: They are angry. | H22: {=MIN(SUMIF('외운 것'!A2:A271,A22,'외운 것'!D2:D271)+IF(R22=0,3,IF(R22=1,2,0)),3)} -> 3 | I22: {=_xlfn.COUNTIFS('외운 것'!A2:A271,A22,'외운 것'!D2:D271,0)} -> 0 | J22: {=IF(R22<>0,IF(H22>=3,_xlfn.XLOOKUP(A22,'외운 것'!A2:A271,'외운 것'!C2:C271,0,1),0),"3차")} -> 3차 | K22: {=IF(P22<>0,IF(N22>=3,_xlfn.XLOOKUP(A22,'외운 것'!A2:A271,'외운 것'!C2:C271,0,1),0),"1차")} -> 1차 | L22: {=IF(Q22<>0,IF(N22>=3,_xlfn.XLOOKUP(A22,'외운 것'!A2:A271,'외운 것'!C2:C271,0,1),0),"2차")} -> 2차 | M22: {=IF(R22<>0,IF(O22>=3,_xlfn.XLOOKUP(B22,'외운 것'!B2:B271,'외운 것'!D2:D271,0,1),0),"3차")} -> 3차 | N22: 3 | O22: 3 | P22: 0 | Q22: 0 | R22: 0
A23: 22 | B23: 22 | C23: 기본문 훈련 | D23: 기본문 훈련 | E23: 나는 지루하다 | F23: 나 - 이다 - 지루한 상태 | G23: I am bored. | H23: {=MIN(SUMIF('외운 것'!A2:A271,A23,'외운 것'!D2:D271)+IF(R23=0,3,IF(R23=1,2,0)),3)} -> 3 | I23: {=_xlfn.COUNTIFS('외운 것'!A2:A271,A23,'외운 것'!D2:D271,0)} -> 0 | J23: {=IF(R23<>0,IF(H23>=3,_xlfn.XLOOKUP(A23,'외운 것'!A2:A271,'외운 것'!C2:C271,0,1),0),"3차")} -> 3차 | K23: {=IF(P23<>0,IF(N23>=3,_xlfn.XLOOKUP(A23,'외운 것'!A2:A271,'외운 것'!C2:C271,0,1),0),"1차")} -> 1차 | L23: {=IF(Q23<>0,IF(N23>=3,_xlfn.XLOOKUP(A23,'외운 것'!A2:A271,'외운 것'!C2:C271,0,1),0),"2차")} -> 2차 | M23: {=IF(R23<>0,IF(O23>=3,_xlfn.XLOOKUP(B23,'외운 것'!B2:B271,'외운 것'!D2:D271,0,1),0),"3차")} -> 3차 | N23: 3 | O23: 3 | P23: 0 | Q23: 0 | R23: 0
A24: 23 | B24: 23 | C24: 기본문 훈련 | D24: 기본문 훈련 | E24: 그는 걱정된다 | F24: 그 - 이다 - 걱정된 상태 | G24: He is worried. | H24: {=MIN(SUMIF('외운 것'!A2:A271,A24,'외운 것'!D2:D271)+IF(R24=0,3,IF(R24=1,2,0)),3)} -> 3 | I24: {=_xlfn.COUNTIFS('외운 것'!A2:A271,A24,'외운 것'!D2:D271,0)} -> 0 | J24: {=IF(R24<>0,IF(H24>=3,_xlfn.XLOOKUP(A24,'외운 것'!A2:A271,'외운 것'!C2:C271,0,1),0),"3차")} -> 3차 | K24: {=IF(P24<>0,IF(N24>=3,_xlfn.XLOOKUP(A24,'외운 것'!A2:A271,'외운 것'!C2:C271,0,1),0),"1차")} -> 1차 | L24: {=IF(Q24<>0,IF(N24>=3,_xlfn.XLOOKUP(A24,'외운 것'!A2:A271,'외운 것'!C2:C271,0,1),0),"2차")} -> 2차 | M24: {=IF(R24<>0,IF(O24>=3,_xlfn.XLOOKUP(B24,'외운 것'!B2:B271,'외운 것'!D2:D271,0,1),0),"3차")} -> 3차 | N24: 3 | O24: 3 | P24: 0 | Q24: 0 | R24: 0
A25: 24 | B25: 24 | C25: 기본문 훈련 | D25: 기본문 훈련 | E25: 그녀는 놀랐다 | F25: 그녀 - 이다 - 놀란 상태 | G25: She is surprised. | H25: {=MIN(SUMIF('외운 것'!A2:A271,A25,'외운 것'!D2:D271)+IF(R25=0,3,IF(R25=1,2,0)),3)} -> 3 | I25: {=_xlfn.COUNTIFS('외운 것'!A2:A271,A25,'외운 것'!D2:D271,0)} -> 0 | J25: {=IF(R25<>0,IF(H25>=3,_xlfn.XLOOKUP(A25,'외운 것'!A2:A271,'외운 것'!C2:C271,0,1),0),"3차")} -> 3차 | K25: {=IF(P25<>0,IF(N25>=3,_xlfn.XLOOKUP(A25,'외운 것'!A2:A271,'외운 것'!C2:C271,0,1),0),"1차")} -> 1차 | L25: {=IF(Q25<>0,IF(N25>=3,_xlfn.XLOOKUP(A25,'외운 것'!A2:A271,'외운 것'!C2:C271,0,1),0),"2차")} -> 2차 | M25: {=IF(R25<>0,IF(O25>=3,_xlfn.XLOOKUP(B25,'외운 것'!B2:B271,'외운 것'!D2:D271,0,1),0),"3차")} -> 3차 | N25: 3 | O25: 3 | P25: 0 | Q25: 0 | R25: 0
A26: 25 | B26: 25 | C26: 기본문 훈련 | D26: 기본문 훈련 | E26: 우리는 만족스럽다 | F26: 우리 - 이다 - 만족스러운 상태 | G26: We are satisfied. | H26: {=MIN(SUMIF('외운 것'!A2:A271,A26,'외운 것'!D2:D271)+IF(R26=0,3,IF(R26=1,2,0)),3)} -> 3 | I26: {=_xlfn.COUNTIFS('외운 것'!A2:A271,A26,'외운 것'!D2:D271,0)} -> 0 | J26: {=IF(R26<>0,IF(H26>=3,_xlfn.XLOOKUP(A26,'외운 것'!A2:A271,'외운 것'!C2:C271,0,1),0),"3차")} -> 3차 | K26: {=IF(P26<>0,IF(N26>=3,_xlfn.XLOOKUP(A26,'외운 것'!A2:A271,'외운 것'!C2:C271,0,1),0),"1차")} -> 0 | L26: {=IF(Q26<>0,IF(N26>=3,_xlfn.XLOOKUP(A26,'외운 것'!A2:A271,'외운 것'!C2:C271,0,1),0),"2차")} -> 2차 | M26: {=IF(R26<>0,IF(O26>=3,_xlfn.XLOOKUP(B26,'외운 것'!B2:B271,'외운 것'!D2:D271,0,1),0),"3차")} -> 3차 | N26: 0 | O26: 3 | P26: 2 | Q26: 0 | R26: 0
A27: 26 | B27: 26 | C27: 기본문 훈련 | D27: 기본문 훈련 | E27: 나는 행복하다. | F27: 나 - 이다 - 행복한 상태 | G27: I am happy. | H27: {=MIN(SUMIF('외운 것'!A2:A271,A27,'외운 것'!D2:D271)+IF(R27=0,3,IF(R27=1,2,0)),3)} -> 3 | I27: {=_xlfn.COUNTIFS('외운 것'!A2:A271,A27,'외운 것'!D2:D271,0)} -> 0 | J27: {=IF(R27<>0,IF(H27>=3,_xlfn.XLOOKUP(A27,'외운 것'!A2:A271,'외운 것'!C2:C271,0,1),0),"3차")} -> 3차 | K27: {=IF(P27<>0,IF(N27>=3,_xlfn.XLOOKUP(A27,'외운 것'!A2:A271,'외운 것'!C2:C271,0,1),0),"1차")} -> 1차 | L27: {=IF(Q27<>0,IF(N27>=3,_xlfn.XLOOKUP(A27,'외운 것'!A2:A271,'외운 것'!C2:C271,0,1),0),"2차")} -> 2차 | M27: {=IF(R27<>0,IF(O27>=3,_xlfn.XLOOKUP(B27,'외운 것'!B2:B271,'외운 것'!D2:D271,0,1),0),"3차")} -> 3차 | N27: 3 | O27: 3 | P27: 0 | Q27: 0 | R27: 0
A28: 27 | B28: 27 | C28: 기본문 훈련 | D28: 기본문 훈련 | E28: 그녀는 피곤하다. | F28: 그녀 - 이다 - 피곤한 상태 | G28: She is tired. | H28: {=MIN(SUMIF('외운 것'!A2:A271,A28,'외운 것'!D2:D271)+IF(R28=0,3,IF(R28=1,2,0)),3)} -> 3 | I28: {=_xlfn.COUNTIFS('외운 것'!A2:A271,A28,'외운 것'!D2:D271,0)} -> 0 | J28: {=IF(R28<>0,IF(H28>=3,_xlfn.XLOOKUP(A28,'외운 것'!A2:A271,'외운 것'!C2:C271,0,1),0),"3차")} -> 3차 | K28: {=IF(P28<>0,IF(N28>=3,_xlfn.XLOOKUP(A28,'외운 것'!A2:A271,'외운 것'!C2:C271,0,1),0),"1차")} -> 1차 | L28: {=IF(Q28<>0,IF(N28>=3,_xlfn.XLOOKUP(A28,'외운 것'!A2:A271,'외운 것'!C2:C271,0,1),0),"2차")} -> 2차 | M28: {=IF(R28<>0,IF(O28>=3,_xlfn.XLOOKUP(B28,'외운 것'!B2:B271,'외운 것'!D2:D271,0,1),0),"3차")} -> 3차 | N28: 3 | O28: 3 | P28: 0 | Q28: 0 | R28: 0
A29: 28 | B29: 28 | C29: 기본문 훈련 | D29: 기본문 훈련 | E29: 그들은 슬프다. | F29: 그들 - 이다 - 슬픈 상태 | G29: They are sad. | H29: {=MIN(SUMIF('외운 것'!A2:A271,A29,'외운 것'!D2:D271)+IF(R29=0,3,IF(R29=1,2,0)),3)} -> 3 | I29: {=_xlfn.COUNTIFS('외운 것'!A2:A271,A29,'외운 것'!D2:D271,0)} -> 0 | J29: {=IF(R29<>0,IF(H29>=3,_xlfn.XLOOKUP(A29,'외운 것'!A2:A271,'외운 것'!C2:C271,0,1),0),"3차")} -> 3차 | K29: {=IF(P29<>0,IF(N29>=3,_xlfn.XLOOKUP(A29,'외운 것'!A2:A271,'외운 것'!C2:C271,0,1),0),"1차")} -> 1차 | L29: {=IF(Q29<>0,IF(N29>=3,_xlfn.XLOOKUP(A29,'외운 것'!A2:A271,'외운 것'!C2:C271,0,1),0),"2차")} -> 2차 | M29: {=IF(R29<>0,IF(O29>=3,_xlfn.XLOOKUP(B29,'외운 것'!B2:B271,'외운 것'!D2:D271,0,1),0),"3차")} -> 3차 | N29: 3 | O29: 3 | P29: 0 | Q29: 0 | R29: 0
A30: 29 | B30: 29 | C30: 기본문 훈련 | D30: 기본문 훈련 | E30: 우리는 기쁘다. | F30: 우리 - 이다 - 기쁜 상태 | G30: We are glad. | H30: {=MIN(SUMIF('외운 것'!A2:A271,A30,'외운 것'!D2:D271)+IF(R30=0,3,IF(R30=1,2,0)),3)} -> 3 | I30: {=_xlfn.COUNTIFS('외운 것'!A2:A271,A30,'외운 것'!D2:D271,0)} -> 0 | J30: {=IF(R30<>0,IF(H30>=3,_xlfn.XLOOKUP(A30,'외운 것'!A2:A271,'외운 것'!C2:C271,0,1),0),"3차")} -> 3차 | K30: {=IF(P30<>0,IF(N30>=3,_xlfn.XLOOKUP(A30,'외운 것'!A2:A271,'외운 것'!C2:C271,0,1),0),"1차")} -> 0 | L30: {=IF(Q30<>0,IF(N30>=3,_xlfn.XLOOKUP(A30,'외운 것'!A2:A271,'외운 것'!C2:C271,0,1),0),"2차")} -> 2차 | M30: {=IF(R30<>0,IF(O30>=3,_xlfn.XLOOKUP(B30,'외운 것'!B2:B271,'외운 것'!D2:D271,0,1),0),"3차")} -> 3차 | N30: 2 | O30: 3 | P30: 1 | Q30: 0 | R30: 0
A31: 30 | B31: 30 | C31: 기본문 훈련 | D31: 기본문 훈련 | E31: 그는 화나다. | F31: 그 - 이다 - 화난 상태 | G31: He is angry. | H31: {=MIN(SUMIF('외운 것'!A2:A271,A31,'외운 것'!D2:D271)+IF(R31=0,3,IF(R31=1,2,0)),3)} -> 3 | I31: {=_xlfn.COUNTIFS('외운 것'!A2:A271,A31,'외운 것'!D2:D271,0)} -> 0 | J31: {=IF(R31<>0,IF(H31>=3,_xlfn.XLOOKUP(A31,'외운 것'!A2:A271,'외운 것'!C2:C271,0,1),0),"3차")} -> 3차 | K31: {=IF(P31<>0,IF(N31>=3,_xlfn.XLOOKUP(A31,'외운 것'!A2:A271,'외운 것'!C2:C271,0,1),0),"1차")} -> 1차 | L31: {=IF(Q31<>0,IF(N31>=3,_xlfn.XLOOKUP(A31,'외운 것'!A2:A271,'외운 것'!C2:C271,0,1),0),"2차")} -> 2차 | M31: {=IF(R31<>0,IF(O31>=3,_xlfn.XLOOKUP(B31,'외운 것'!B2:B271,'외운 것'!D2:D271,0,1),0),"3차")} -> 3차 | N31: 3 | O31: 3 | P31: 0 | Q31: 0 | R31: 0
A32: 31 | B32: 31 | C32: 기본문 훈련 | D32: 기본문 훈련 | E32: 나는 준비되었다. | F32: 나 - 이다 - 준비된 상태 | G32: I am ready. | H32: {=MIN(SUMIF('외운 것'!A2:A271,A32,'외운 것'!D2:D271)+IF(R32=0,3,IF(R32=1,2,0)),3)} -> 3 | I32: {=_xlfn.COUNTIFS('외운 것'!A2:A271,A32,'외운 것'!D2:D271,0)} -> 0 | J32: {=IF(R32<>0,IF(H32>=3,_xlfn.XLOOKUP(A32,'외운 것'!A2:A271,'외운 것'!C2:C271,0,1),0),"3차")} -> 3차 | K32: {=IF(P32<>0,IF(N32>=3,_xlfn.XLOOKUP(A32,'외운 것'!A2:A271,'외운 것'!C2:C271,0,1),0),"1차")} -> 1차 | L32: {=IF(Q32<>0,IF(N32>=3,_xlfn.XLOOKUP(A32,'외운 것'!A2:A271,'외운 것'!C2:C271,0,1),0),"2차")} -> 2차 | M32: {=IF(R32<>0,IF(O32>=3,_xlfn.XLOOKUP(B32,'외운 것'!B2:B271,'외운 것'!D2:D271,0,1),0),"3차")} -> 3차 | N32: 3 | O32: 3 | P32: 0 | Q32: 0 | R32: 0
A33: 32 | B33: 32 | C33: 기본문 훈련 | D33: 기본문 훈련 | E33: 그녀는 똑똑하다. | F33: 그녀 - 이다 - 똑똑한 상태 | G33: She is smart. | H33: {=MIN(SUMIF('외운 것'!A2:A271,A33,'외운 것'!D2:D271)+IF(R33=0,3,IF(R33=1,2,0)),3)} -> 3 | I33: {=_xlfn.COUNTIFS('외운 것'!A2:A271,A33,'외운 것'!D2:D271,0)} -> 0 | J33: {=IF(R33<>0,IF(H33>=3,_xlfn.XLOOKUP(A33,'외운 것'!A2:A271,'외운 것'!C2:C271,0,1),0),"3차")} -> 3차 | K33: {=IF(P33<>0,IF(N33>=3,_xlfn.XLOOKUP(A33,'외운 것'!A2:A271,'외운 것'!C2:C271,0,1),0),"1차")} -> 1차 | L33: {=IF(Q33<>0,IF(N33>=3,_xlfn.XLOOKUP(A33,'외운 것'!A2:A271,'외운 것'!C2:C271,0,1),0),"2차")} -> 2차 | M33: {=IF(R33<>0,IF(O33>=3,_xlfn.XLOOKUP(B33,'외운 것'!B2:B271,'외운 것'!D2:D271,0,1),0),"3차")} -> 3차 | N33: 3 | O33: 3 | P33: 0 | Q33: 0 | R33: 0
A34: 33 | B34: 33 | C34: 기본문 훈련 | D34: 기본문 훈련 | E34: 우리는 지루하다. | F34: 우리 - 이다 - 지루한 상태 | G34: We are bored. | H34: {=MIN(SUMIF('외운 것'!A2:A271,A34,'외운 것'!D2:D271)+IF(R34=0,3,IF(R34=1,2,0)),3)} -> 3 | I34: {=_xlfn.COUNTIFS('외운 것'!A2:A271,A34,'외운 것'!D2:D271,0)} -> 0 | J34: {=IF(R34<>0,IF(H34>=3,_xlfn.XLOOKUP(A34,'외운 것'!A2:A271,'외운 것'!C2:C271,0,1),0),"3차")} -> 3차 | K34: {=IF(P34<>0,IF(N34>=3,_xlfn.XLOOKUP(A34,'외운 것'!A2:A271,'외운 것'!C2:C271,0,1),0),"1차")} -> 1차 | L34: {=IF(Q34<>0,IF(N34>=3,_xlfn.XLOOKUP(A34,'외운 것'!A2:A271,'외운 것'!C2:C271,0,1),0),"2차")} -> 2차 | M34: {=IF(R34<>0,IF(O34>=3,_xlfn.XLOOKUP(B34,'외운 것'!B2:B271,'외운 것'!D2:D271,0,1),0),"3차")} -> 3차 | N34: 3 | O34: 3 | P34: 0 | Q34: 0 | R34: 0
A35: 34 | B35: 34 | C35: 기본문 훈련 | D35: 기본문 훈련 | E35: 그는 건강하다. | F35: 그 - 이다 - 건강한 상태 | G35: He is healthy. | H35: {=MIN(SUMIF('외운 것'!A2:A271,A35,'외운 것'!D2:D271)+IF(R35=0,3,IF(R35=1,2,0)),3)} -> 3 | I35: {=_xlfn.COUNTIFS('외운 것'!A2:A271,A35,'외운 것'!D2:D271,0)} -> 0 | J35: {=IF(R35<>0,IF(H35>=3,_xlfn.XLOOKUP(A35,'외운 것'!A2:A271,'외운 것'!C2:C271,0,1),0),"3차")} -> 3차 | K35: {=IF(P35<>0,IF(N35>=3,_xlfn.XLOOKUP(A35,'외운 것'!A2:A271,'외운 것'!C2:C271,0,1),0),"1차")} -> 1차 | L35: {=IF(Q35<>0,IF(N35>=3,_xlfn.XLOOKUP(A35,'외운 것'!A2:A271,'외운 것'!C2:C271,0,1),0),"2차")} -> 2차 | M35: {=IF(R35<>0,IF(O35>=3,_xlfn.XLOOKUP(B35,'외운 것'!B2:B271,'외운 것'!D2:D271,0,1),0),"3차")} -> 3차 | N35: 3 | O35: 3 | P35: 0 | Q35: 0 | R35: 0
A36: 35 | B36: 35 | C36: 기본문 훈련 | D36: 기본문 훈련 | E36: 나는 바쁘다. | F36: 나 - 이다 - 바쁜 상태 | G36: I am busy. | H36: {=MIN(SUMIF('외운 것'!A2:A271,A36,'외운 것'!D2:D271)+IF(R36=0,3,IF(R36=1,2,0)),3)} -> 3 | I36: {=_xlfn.COUNTIFS('외운 것'!A2:A271,A36,'외운 것'!D2:D271,0)} -> 0 | J36: {=IF(R36<>0,IF(H36>=3,_xlfn.XLOOKUP(A36,'외운 것'!A2:A271,'외운 것'!C2:C271,0,1),0),"3차")} -> 3차 | K36: {=IF(P36<>0,IF(N36>=3,_xlfn.XLOOKUP(A36,'외운 것'!A2:A271,'외운 것'!C2:C271,0,1),0),"1차")} -> 1차 | L36: {=IF(Q36<>0,IF(N36>=3,_xlfn.XLOOKUP(A36,'외운 것'!A2:A271,'외운 것'!C2:C271,0,1),0),"2차")} -> 2차 | M36: {=IF(R36<>0,IF(O36>=3,_xlfn.XLOOKUP(B36,'외운 것'!B2:B271,'외운 것'!D2:D271,0,1),0),"3차")} -> 3차 | N36: 3 | O36: 3 | P36: 0 | Q36: 0 | R36: 0
A37: 36 | B37: 1 | C37: 동사1+동사2 | D37: 동사1+동사2 | E37: 우리는 그 책을 읽기를 계획하고 있다. | F37: 우리 - 계획하고 있다 - to 읽다 - 그 책 | G37: We plan to read the book. | H37: {=MIN(SUMIF('외운 것'!A2:A271,A37,'외운 것'!D2:D271)+IF(R37=0,3,IF(R37=1,2,0)),3)} -> 3 | I37: {=_xlfn.COUNTIFS('외운 것'!A2:A271,A37,'외운 것'!D2:D271,0)} -> 0 | J37: {=IF(R37<>0,IF(H37>=3,_xlfn.XLOOKUP(A37,'외운 것'!A2:A271,'외운 것'!C2:C271,0,1),0),"3차")} -> 3차 | K37: {=IF(P37<>0,IF(N37>=3,_xlfn.XLOOKUP(A37,'외운 것'!A2:A271,'외운 것'!C2:C271,0,1),0),"1차")} -> 1차 | L37: {=IF(Q37<>0,IF(N37>=3,_xlfn.XLOOKUP(A37,'외운 것'!A2:A271,'외운 것'!C2:C271,0,1),0),"2차")} -> 2차 | M37: {=IF(R37<>0,IF(O37>=3,_xlfn.XLOOKUP(B37,'외운 것'!B2:B271,'외운 것'!D2:D271,0,1),0),"3차")} -> 3차 | N37: 3 | O37: 3 | P37: 0 | Q37: 0 | R37: 0
A38: 37 | B38: 2 | C38: 동사1+동사2 | D38: 동사1+동사2 | E38: 나는 설거지하는 것을 싫어한다. | F38: 나 - 싫어한다 - 설거지하다 ing | G38: I hate washing dishes. | H38: {=MIN(SUMIF('외운 것'!A2:A271,A38,'외운 것'!D2:D271)+IF(R38=0,3,IF(R38=1,2,0)),3)} -> 3 | I38: {=_xlfn.COUNTIFS('외운 것'!A2:A271,A38,'외운 것'!D2:D271,0)} -> 0 | J38: {=IF(R38<>0,IF(H38>=3,_xlfn.XLOOKUP(A38,'외운 것'!A2:A271,'외운 것'!C2:C271,0,1),0),"3차")} -> 3차 | K38: {=IF(P38<>0,IF(N38>=3,_xlfn.XLOOKUP(A38,'외운 것'!A2:A271,'외운 것'!C2:C271,0,1),0),"1차")} -> 0 | L38: {=IF(Q38<>0,IF(N38>=3,_xlfn.XLOOKUP(A38,'외운 것'!A2:A271,'외운 것'!C2:C271,0,1),0),"2차")} -> 2차 | M38: {=IF(R38<>0,IF(O38>=3,_xlfn.XLOOKUP(B38,'외운 것'!B2:B271,'외운 것'!D2:D271,0,1),0),"3차")} -> 3차 | N38: 2 | O38: 3 | P38: 1 | Q38: 0 | R38: 0
A39: 38 | B39: 3 | C39: 동사1+동사2 | D39: 동사1+동사2 | E39: 그는 새로운 언어를 배우기를 희망한다. | F39: 그 - 희망한다 - to 배우다 - 새로운 언어 | G39: He hopes to learn a new language. | H39: {=MIN(SUMIF('외운 것'!A2:A271,A39,'외운 것'!D2:D271)+IF(R39=0,3,IF(R39=1,2,0)),3)} -> 3 | I39: {=_xlfn.COUNTIFS('외운 것'!A2:A271,A39,'외운 것'!D2:D271,0)} -> 0 | J39: {=IF(R39<>0,IF(H39>=3,_xlfn.XLOOKUP(A39,'외운 것'!A2:A271,'외운 것'!C2:C271,0,1),0),"3차")} -> 3차 | K39: {=IF(P39<>0,IF(N39>=3,_xlfn.XLOOKUP(A39,'외운 것'!A2:A271,'외운 것'!C2:C271,0,1),0),"1차")} -> 0 | L39: {=IF(Q39<>0,IF(N39>=3,_xlfn.XLOOKUP(A39,'외운 것'!A2:A271,'외운 것'!C2:C271,0,1),0),"2차")} -> 0 | M39: {=IF(R39<>0,IF(O39>=3,_xlfn.XLOOKUP(B39,'외운 것'!B2:B271,'외운 것'!D2:D271,0,1),0),"3차")} -> 3차 | N39: 0 | O39: 3 | P39: 2 | Q39: 1 | R39: 0
A40: 39 | B40: 4 | C40: 동사1+동사2 | D40: 동사1+동사2 | E40: 우리는 수영하는 것을 그만뒀다. | F40: 우리 - 그만뒀다 - 수영하다 ing | G40: We quit swimming. | H40: {=MIN(SUMIF('외운 것'!A2:A271,A40,'외운 것'!D2:D271)+IF(R40=0,3,IF(R40=1,2,0)),3)} -> 3 | I40: {=_xlfn.COUNTIFS('외운 것'!A2:A271,A40,'외운 것'!D2:D271,0)} -> 0 | J40: {=IF(R40<>0,IF(H40>=3,_xlfn.XLOOKUP(A40,'외운 것'!A2:A271,'외운 것'!C2:C271,0,1),0),"3차")} -> 3차 | K40: {=IF(P40<>0,IF(N40>=3,_xlfn.XLOOKUP(A40,'외운 것'!A2:A271,'외운 것'!C2:C271,0,1),0),"1차")} -> 0 | L40: {=IF(Q40<>0,IF(N40>=3,_xlfn.XLOOKUP(A40,'외운 것'!A2:A271,'외운 것'!C2:C271,0,1),0),"2차")} -> 0 | M40: {=IF(R40<>0,IF(O40>=3,_xlfn.XLOOKUP(B40,'외운 것'!B2:B271,'외운 것'!D2:D271,0,1),0),"3차")} -> 3차 | N40: 0 | O40: 3 | P40: 2 | Q40: 1 | R40: 0
A41: 40 | B41: 5 | C41: 동사1+동사2 | D41: 동사1+동사2 | E41: 그들은 콘서트에 가기를 기대하고 있다. | F41: 그들 - 기대하고 있다 - to 가다 - 콘서트 | G41: They expect to go to the concert. | H41: {=MIN(SUMIF('외운 것'!A2:A271,A41,'외운 것'!D2:D271)+IF(R41=0,3,IF(R41=1,2,0)),3)} -> 3 | I41: {=_xlfn.COUNTIFS('외운 것'!A2:A271,A41,'외운 것'!D2:D271,0)} -> 0 | J41: {=IF(R41<>0,IF(H41>=3,_xlfn.XLOOKUP(A41,'외운 것'!A2:A271,'외운 것'!C2:C271,0,1),0),"3차")} -> 3차 | K41: {=IF(P41<>0,IF(N41>=3,_xlfn.XLOOKUP(A41,'외운 것'!A2:A271,'외운 것'!C2:C271,0,1),0),"1차")} -> 0 | L41: {=IF(Q41<>0,IF(N41>=3,_xlfn.XLOOKUP(A41,'외운 것'!A2:A271,'외운 것'!C2:C271,0,1),0),"2차")} -> 2차 | M41: {=IF(R41<>0,IF(O41>=3,_xlfn.XLOOKUP(B41,'외운 것'!B2:B271,'외운 것'!D2:D271,0,1),0),"3차")} -> 3차 | N41: 2 | O41: 3 | P41: 1 | Q41: 0 | R41: 0
A42: 41 | B42: 6 | C42: 동사1+동사2 | D42: 동사1+동사2 | E42: 우리는 친구들과 노는 것을 즐긴다. | F42: 우리 - 즐긴다 - 놀다 ing - 함께하는 대상은 - 친구들 | G42: We enjoy playing with friends. | H42: {=MIN(SUMIF('외운 것'!A2:A271,A42,'외운 것'!D2:D271)+IF(R42=0,3,IF(R42=1,2,0)),3)} -> 3 | I42: {=_xlfn.COUNTIFS('외운 것'!A2:A271,A42,'외운 것'!D2:D271,0)} -> 0 | J42: {=IF(R42<>0,IF(H42>=3,_xlfn.XLOOKUP(A42,'외운 것'!A2:A271,'외운 것'!C2:C271,0,1),0),"3차")} -> 2026-04-28 | K42: {=IF(P42<>0,IF(N42>=3,_xlfn.XLOOKUP(A42,'외운 것'!A2:A271,'외운 것'!C2:C271,0,1),0),"1차")} -> 0 | L42: {=IF(Q42<>0,IF(N42>=3,_xlfn.XLOOKUP(A42,'외운 것'!A2:A271,'외운 것'!C2:C271,0,1),0),"2차")} -> 0 | M42: {=IF(R42<>0,IF(O42>=3,_xlfn.XLOOKUP(B42,'외운 것'!B2:B271,'외운 것'!D2:D271,0,1),0),"3차")} -> 0 | N42: 0 | O42: 3 | P42: 2 | Q42: 3 | R42: 1
A43: 42 | B43: 7 | C43: 동사1+동사2 | D43: 동사1+동사2 | E43: 그는 사업을 시작하기로 결심했다. | F43: 그 - 결심했다 - to 시작하다 - 사업 | G43: He resolved to start a business. | H43: {=MIN(SUMIF('외운 것'!A2:A271,A43,'외운 것'!D2:D271)+IF(R43=0,3,IF(R43=1,2,0)),3)} -> 3 | I43: {=_xlfn.COUNTIFS('외운 것'!A2:A271,A43,'외운 것'!D2:D271,0)} -> 1 | J43: {=IF(R43<>0,IF(H43>=3,_xlfn.XLOOKUP(A43,'외운 것'!A2:A271,'외운 것'!C2:C271,0,1),0),"3차")} -> 2026-04-28 | K43: {=IF(P43<>0,IF(N43>=3,_xlfn.XLOOKUP(A43,'외운 것'!A2:A271,'외운 것'!C2:C271,0,1),0),"1차")} -> 0 | L43: {=IF(Q43<>0,IF(N43>=3,_xlfn.XLOOKUP(A43,'외운 것'!A2:A271,'외운 것'!C2:C271,0,1),0),"2차")} -> 0 | M43: {=IF(R43<>0,IF(O43>=3,_xlfn.XLOOKUP(B43,'외운 것'!B2:B271,'외운 것'!D2:D271,0,1),0),"3차")} -> 0 | N43: 0 | O43: 3 | P43: 4 | Q43: 4 | R43: 1
A44: 43 | B44: 8 | C44: 동사1+동사2 | D44: 동사1+동사2 | E44: 우리는 영화를 보는 것을 즐긴다. | F44: 우리 - 즐긴다 - 보다 ing - 영화 | G44: We enjoy watching movies. | H44: {=MIN(SUMIF('외운 것'!A2:A271,A44,'외운 것'!D2:D271)+IF(R44=0,3,IF(R44=1,2,0)),3)} -> 3 | I44: {=_xlfn.COUNTIFS('외운 것'!A2:A271,A44,'외운 것'!D2:D271,0)} -> 1 | J44: {=IF(R44<>0,IF(H44>=3,_xlfn.XLOOKUP(A44,'외운 것'!A2:A271,'외운 것'!C2:C271,0,1),0),"3차")} -> 2026-04-28 | K44: {=IF(P44<>0,IF(N44>=3,_xlfn.XLOOKUP(A44,'외운 것'!A2:A271,'외운 것'!C2:C271,0,1),0),"1차")} -> 0 | L44: {=IF(Q44<>0,IF(N44>=3,_xlfn.XLOOKUP(A44,'외운 것'!A2:A271,'외운 것'!C2:C271,0,1),0),"2차")} -> 0 | M44: {=IF(R44<>0,IF(O44>=3,_xlfn.XLOOKUP(B44,'외운 것'!B2:B271,'외운 것'!D2:D271,0,1),0),"3차")} -> 0 | N44: 2 | O44: 3 | P44: 1 | Q44: 1 | R44: 1
A45: 44 | B45: 9 | C45: 동사1+동사2 | D45: 동사1+동사2 | E45: 그들은 도시에 도착하기를 희망했다. | F45: 그들 - 희망했다 - to 도착하다 - 장소는 - 도시 | G45: They hoped to arrive in the city. | H45: {=MIN(SUMIF('외운 것'!A2:A271,A45,'외운 것'!D2:D271)+IF(R45=0,3,IF(R45=1,2,0)),3)} -> 3 | I45: {=_xlfn.COUNTIFS('외운 것'!A2:A271,A45,'외운 것'!D2:D271,0)} -> 2 | J45: {=IF(R45<>0,IF(H45>=3,_xlfn.XLOOKUP(A45,'외운 것'!A2:A271,'외운 것'!C2:C271,0,1),0),"3차")} -> 2026-04-29 | K45: {=IF(P45<>0,IF(N45>=3,_xlfn.XLOOKUP(A45,'외운 것'!A2:A271,'외운 것'!C2:C271,0,1),0),"1차")} -> 0 | L45: {=IF(Q45<>0,IF(N45>=3,_xlfn.XLOOKUP(A45,'외운 것'!A2:A271,'외운 것'!C2:C271,0,1),0),"2차")} -> 0 | M45: {=IF(R45<>0,IF(O45>=3,_xlfn.XLOOKUP(B45,'외운 것'!B2:B271,'외운 것'!D2:D271,0,1),0),"3차")} -> 0 | N45: 0 | O45: 3 | P45: 9 | Q45: 6 | R45: 2
A46: 45 | B46: 10 | C46: 동사1+동사2 | D46: 동사1+동사2 | E46: 나는 새로운 언어를 배우는 것을 즐긴다. | F46: 나 - 즐긴다 - 배우다 ing - 새로운 언어 | G46: I enjoy learning new languages. | H46: {=MIN(SUMIF('외운 것'!A2:A271,A46,'외운 것'!D2:D271)+IF(R46=0,3,IF(R46=1,2,0)),3)} -> 3 | I46: {=_xlfn.COUNTIFS('외운 것'!A2:A271,A46,'외운 것'!D2:D271,0)} -> 1 | J46: {=IF(R46<>0,IF(H46>=3,_xlfn.XLOOKUP(A46,'외운 것'!A2:A271,'외운 것'!C2:C271,0,1),0),"3차")} -> 2026-04-28 | K46: {=IF(P46<>0,IF(N46>=3,_xlfn.XLOOKUP(A46,'외운 것'!A2:A271,'외운 것'!C2:C271,0,1),0),"1차")} -> 0 | L46: {=IF(Q46<>0,IF(N46>=3,_xlfn.XLOOKUP(A46,'외운 것'!A2:A271,'외운 것'!C2:C271,0,1),0),"2차")} -> 0 | M46: {=IF(R46<>0,IF(O46>=3,_xlfn.XLOOKUP(B46,'외운 것'!B2:B271,'외운 것'!D2:D271,0,1),0),"3차")} -> 0 | N46: 0 | O46: 3 | P46: 3 | Q46: 3 | R46: 1
A47: 46 | B47: 11 | C47: 동사1+동사2 | D47: 동사1+동사2 | E47: 그들은 그 프로젝트를 시작하기를 기대하고 있다. | F47: 그들 - 기대하고 있다 - to 시작하다 - 그 프로젝트 | G47: They expect to start the project. | H47: {=MIN(SUMIF('외운 것'!A2:A271,A47,'외운 것'!D2:D271)+IF(R47=0,3,IF(R47=1,2,0)),3)} -> 3 | I47: {=_xlfn.COUNTIFS('외운 것'!A2:A271,A47,'외운 것'!D2:D271,0)} -> 0 | J47: {=IF(R47<>0,IF(H47>=3,_xlfn.XLOOKUP(A47,'외운 것'!A2:A271,'외운 것'!C2:C271,0,1),0),"3차")} -> 3차 | K47: {=IF(P47<>0,IF(N47>=3,_xlfn.XLOOKUP(A47,'외운 것'!A2:A271,'외운 것'!C2:C271,0,1),0),"1차")} -> 0 | L47: {=IF(Q47<>0,IF(N47>=3,_xlfn.XLOOKUP(A47,'외운 것'!A2:A271,'외운 것'!C2:C271,0,1),0),"2차")} -> 2차 | M47: {=IF(R47<>0,IF(O47>=3,_xlfn.XLOOKUP(B47,'외운 것'!B2:B271,'외운 것'!D2:D271,0,1),0),"3차")} -> 3차 | N47: 2 | O47: 3 | P47: 1 | Q47: 0 | R47: 0
A48: 47 | B48: 12 | C48: 동사1+동사2 | D48: 동사1+동사2 | E48: 우리는 그들을 돕기를 약속했다. | F48: 우리 - 약속했다 - to 돕다 - 그들 | G48: We promised to help them. | H48: {=MIN(SUMIF('외운 것'!A2:A271,A48,'외운 것'!D2:D271)+IF(R48=0,3,IF(R48=1,2,0)),3)} -> 3 | I48: {=_xlfn.COUNTIFS('외운 것'!A2:A271,A48,'외운 것'!D2:D271,0)} -> 0 | J48: {=IF(R48<>0,IF(H48>=3,_xlfn.XLOOKUP(A48,'외운 것'!A2:A271,'외운 것'!C2:C271,0,1),0),"3차")} -> 3차 | K48: {=IF(P48<>0,IF(N48>=3,_xlfn.XLOOKUP(A48,'외운 것'!A2:A271,'외운 것'!C2:C271,0,1),0),"1차")} -> 0 | L48: {=IF(Q48<>0,IF(N48>=3,_xlfn.XLOOKUP(A48,'외운 것'!A2:A271,'외운 것'!C2:C271,0,1),0),"2차")} -> 2차 | M48: {=IF(R48<>0,IF(O48>=3,_xlfn.XLOOKUP(B48,'외운 것'!B2:B271,'외운 것'!D2:D271,0,1),0),"3차")} -> 3차 | N48: 2 | O48: 3 | P48: 1 | Q48: 0 | R48: 0
A49: 48 | B49: 13 | C49: 동사1+동사2 | D49: 동사1+동사2 | E49: 나는 그가 춤추는 것을 보았다. | F49: 나 - 보았다 - 그 - 춤추다 ing | G49: I saw him dancing. | H49: {=MIN(SUMIF('외운 것'!A2:A271,A49,'외운 것'!D2:D271)+IF(R49=0,3,IF(R49=1,2,0)),3)} -> 3 | I49: {=_xlfn.COUNTIFS('외운 것'!A2:A271,A49,'외운 것'!D2:D271,0)} -> 0 | J49: {=IF(R49<>0,IF(H49>=3,_xlfn.XLOOKUP(A49,'외운 것'!A2:A271,'외운 것'!C2:C271,0,1),0),"3차")} -> 3차 | K49: {=IF(P49<>0,IF(N49>=3,_xlfn.XLOOKUP(A49,'외운 것'!A2:A271,'외운 것'!C2:C271,0,1),0),"1차")} -> 0 | L49: {=IF(Q49<>0,IF(N49>=3,_xlfn.XLOOKUP(A49,'외운 것'!A2:A271,'외운 것'!C2:C271,0,1),0),"2차")} -> 2차 | M49: {=IF(R49<>0,IF(O49>=3,_xlfn.XLOOKUP(B49,'외운 것'!B2:B271,'외운 것'!D2:D271,0,1),0),"3차")} -> 3차 | N49: 2 | O49: 3 | P49: 1 | Q49: 0 | R49: 0
A50: 49 | B50: 14 | C50: 동사1+동사2 | D50: 동사1+동사2 | E50: 우리는 그가 길을 건너는 것을 확인했다. | F50: 우리 - 확인했다 - 그 - 건너다 ing - 길 | G50: We confirmed him crossing the street. | H50: {=MIN(SUMIF('외운 것'!A2:A271,A50,'외운 것'!D2:D271)+IF(R50=0,3,IF(R50=1,2,0)),3)} -> 3 | I50: {=_xlfn.COUNTIFS('외운 것'!A2:A271,A50,'외운 것'!D2:D271,0)} -> 1 | J50: {=IF(R50<>0,IF(H50>=3,_xlfn.XLOOKUP(A50,'외운 것'!A2:A271,'외운 것'!C2:C271,0,1),0),"3차")} -> 2026-04-28 | K50: {=IF(P50<>0,IF(N50>=3,_xlfn.XLOOKUP(A50,'외운 것'!A2:A271,'외운 것'!C2:C271,0,1),0),"1차")} -> 0 | L50: {=IF(Q50<>0,IF(N50>=3,_xlfn.XLOOKUP(A50,'외운 것'!A2:A271,'외운 것'!C2:C271,0,1),0),"2차")} -> 0 | M50: {=IF(R50<>0,IF(O50>=3,_xlfn.XLOOKUP(B50,'외운 것'!B2:B271,'외운 것'!D2:D271,0,1),0),"3차")} -> 0 | N50: 0 | O50: 3 | P50: 2 | Q50: 1 | R50: 1
A51: 50 | B51: 15 | C51: 동사1+동사2 | D51: 동사1+동사2 | E51: 나는 책 읽으면서 차 마신다. | F51: 나 - 마신다 - 차 - 읽다 ing - 책 | G51: I drink tea reading a book. | H51: {=MIN(SUMIF('외운 것'!A2:A271,A51,'외운 것'!D2:D271)+IF(R51=0,3,IF(R51=1,2,0)),3)} -> 3 | I51: {=_xlfn.COUNTIFS('외운 것'!A2:A271,A51,'외운 것'!D2:D271,0)} -> 1 | J51: {=IF(R51<>0,IF(H51>=3,_xlfn.XLOOKUP(A51,'외운 것'!A2:A271,'외운 것'!C2:C271,0,1),0),"3차")} -> 2026-04-28 | K51: {=IF(P51<>0,IF(N51>=3,_xlfn.XLOOKUP(A51,'외운 것'!A2:A271,'외운 것'!C2:C271,0,1),0),"1차")} -> 0 | L51: {=IF(Q51<>0,IF(N51>=3,_xlfn.XLOOKUP(A51,'외운 것'!A2:A271,'외운 것'!C2:C271,0,1),0),"2차")} -> 0 | M51: {=IF(R51<>0,IF(O51>=3,_xlfn.XLOOKUP(B51,'외운 것'!B2:B271,'외운 것'!D2:D271,0,1),0),"3차")} -> 0 | N51: 0 | O51: 3 | P51: 2 | Q51: 1 | R51: 1
A52: 51 | B52: 16 | C52: 동사1+동사2 | D52: 동사1+동사2 | E52: 그는 음악 들으면서 요리 한다. | F52: 그 - 한다 - 요리 - 듣다 ing - 음악 | G52: He cooks listening to music. | H52: {=MIN(SUMIF('외운 것'!A2:A271,A52,'외운 것'!D2:D271)+IF(R52=0,3,IF(R52=1,2,0)),3)} -> 3 | I52: {=_xlfn.COUNTIFS('외운 것'!A2:A271,A52,'외운 것'!D2:D271,0)} -> 2 | J52: {=IF(R52<>0,IF(H52>=3,_xlfn.XLOOKUP(A52,'외운 것'!A2:A271,'외운 것'!C2:C271,0,1),0),"3차")} -> 2026-04-29 | K52: {=IF(P52<>0,IF(N52>=3,_xlfn.XLOOKUP(A52,'외운 것'!A2:A271,'외운 것'!C2:C271,0,1),0),"1차")} -> 0 | L52: {=IF(Q52<>0,IF(N52>=3,_xlfn.XLOOKUP(A52,'외운 것'!A2:A271,'외운 것'!C2:C271,0,1),0),"2차")} -> 0 | M52: {=IF(R52<>0,IF(O52>=3,_xlfn.XLOOKUP(B52,'외운 것'!B2:B271,'외운 것'!D2:D271,0,1),0),"3차")} -> 0 | N52: 2 | O52: 3 | P52: 1 | Q52: 2 | R52: 2
A53: 52 | B53: 17 | C53: 동사1+동사2 | D53: 동사1+동사2 | E53: 우리는 산책 하면서 사진 찍는다. | F53: 우리 - 찍는다 - 사진 - 하다 ing - 산책 | G53: We take pictures walking. | H53: {=MIN(SUMIF('외운 것'!A2:A271,A53,'외운 것'!D2:D271)+IF(R53=0,3,IF(R53=1,2,0)),3)} -> 3 | I53: {=_xlfn.COUNTIFS('외운 것'!A2:A271,A53,'외운 것'!D2:D271,0)} -> 1 | J53: {=IF(R53<>0,IF(H53>=3,_xlfn.XLOOKUP(A53,'외운 것'!A2:A271,'외운 것'!C2:C271,0,1),0),"3차")} -> 2026-04-28 | K53: {=IF(P53<>0,IF(N53>=3,_xlfn.XLOOKUP(A53,'외운 것'!A2:A271,'외운 것'!C2:C271,0,1),0),"1차")} -> 0 | L53: {=IF(Q53<>0,IF(N53>=3,_xlfn.XLOOKUP(A53,'외운 것'!A2:A271,'외운 것'!C2:C271,0,1),0),"2차")} -> 0 | M53: {=IF(R53<>0,IF(O53>=3,_xlfn.XLOOKUP(B53,'외운 것'!B2:B271,'외운 것'!D2:D271,0,1),0),"3차")} -> 0 | N53: 0 | O53: 3 | P53: 2 | Q53: 2 | R53: 1
A54: 53 | B54: 18 | C54: 동사1+동사2 | D54: 동사1+동사2 | E54: 나는 책을 읽으면서 커피를 마신다. | F54: 나 - 마신다 - 커피 - 읽다 ing - 책 | G54: I drink coffee reading a book. | H54: {=MIN(SUMIF('외운 것'!A2:A271,A54,'외운 것'!D2:D271)+IF(R54=0,3,IF(R54=1,2,0)),3)} -> 3 | I54: {=_xlfn.COUNTIFS('외운 것'!A2:A271,A54,'외운 것'!D2:D271,0)} -> 0 | J54: {=IF(R54<>0,IF(H54>=3,_xlfn.XLOOKUP(A54,'외운 것'!A2:A271,'외운 것'!C2:C271,0,1),0),"3차")} -> 3차 | K54: {=IF(P54<>0,IF(N54>=3,_xlfn.XLOOKUP(A54,'외운 것'!A2:A271,'외운 것'!C2:C271,0,1),0),"1차")} -> 1차 | L54: {=IF(Q54<>0,IF(N54>=3,_xlfn.XLOOKUP(A54,'외운 것'!A2:A271,'외운 것'!C2:C271,0,1),0),"2차")} -> 2차 | M54: {=IF(R54<>0,IF(O54>=3,_xlfn.XLOOKUP(B54,'외운 것'!B2:B271,'외운 것'!D2:D271,0,1),0),"3차")} -> 3차 | N54: 3 | O54: 3 | P54: 0 | Q54: 0 | R54: 0
A55: 54 | B55: 19 | C55: 동사1+동사2 | D55: 동사1+동사2 | E55: 나는 새로운 언어를 배우기 위해 매일 열심히 공부한다. | F55: 나 - 공부한다 - 매일 - 열심히 - to 배우다 - 새로운 언어 | G55: I study every day hard to learn a new language. | H55: {=MIN(SUMIF('외운 것'!A2:A271,A55,'외운 것'!D2:D271)+IF(R55=0,3,IF(R55=1,2,0)),3)} -> 3 | I55: {=_xlfn.COUNTIFS('외운 것'!A2:A271,A55,'외운 것'!D2:D271,0)} -> 0 | J55: {=IF(R55<>0,IF(H55>=3,_xlfn.XLOOKUP(A55,'외운 것'!A2:A271,'외운 것'!C2:C271,0,1),0),"3차")} -> 3차 | K55: {=IF(P55<>0,IF(N55>=3,_xlfn.XLOOKUP(A55,'외운 것'!A2:A271,'외운 것'!C2:C271,0,1),0),"1차")} -> 0 | L55: {=IF(Q55<>0,IF(N55>=3,_xlfn.XLOOKUP(A55,'외운 것'!A2:A271,'외운 것'!C2:C271,0,1),0),"2차")} -> 0 | M55: {=IF(R55<>0,IF(O55>=3,_xlfn.XLOOKUP(B55,'외운 것'!B2:B271,'외운 것'!D2:D271,0,1),0),"3차")} -> 3차 | N55: 0 | O55: 3 | P55: 4 | Q55: 3 | R55: 0
A56: 55 | B56: 20 | C56: 동사1+동사2 | D56: 동사1+동사2 | E56: 그는 세계를 여행하기 위해 돈을 모은다. | F56: 그 - 모은다 - 돈 - to 여행하다 - 세계 | G56: He raises money to travel the world. | H56: {=MIN(SUMIF('외운 것'!A2:A271,A56,'외운 것'!D2:D271)+IF(R56=0,3,IF(R56=1,2,0)),3)} -> 3 | I56: {=_xlfn.COUNTIFS('외운 것'!A2:A271,A56,'외운 것'!D2:D271,0)} -> 0 | J56: {=IF(R56<>0,IF(H56>=3,_xlfn.XLOOKUP(A56,'외운 것'!A2:A271,'외운 것'!C2:C271,0,1),0),"3차")} -> 2026-04-28 | K56: {=IF(P56<>0,IF(N56>=3,_xlfn.XLOOKUP(A56,'외운 것'!A2:A271,'외운 것'!C2:C271,0,1),0),"1차")} -> 0 | L56: {=IF(Q56<>0,IF(N56>=3,_xlfn.XLOOKUP(A56,'외운 것'!A2:A271,'외운 것'!C2:C271,0,1),0),"2차")} -> 0 | M56: {=IF(R56<>0,IF(O56>=3,_xlfn.XLOOKUP(B56,'외운 것'!B2:B271,'외운 것'!D2:D271,0,1),0),"3차")} -> 0 | N56: 0 | O56: 3 | P56: 2 | Q56: 2 | R56: 1
A57: 56 | B57: 21 | C57: 동사1+동사2 | D57: 동사1+동사2 | E57: 그녀는 취업을 위해 매일 이력서를 보낸다. | F57: 그녀 - 보낸다 - 이력서 - 매일 - to 가지다 - 직업 | G57: She sends resumes every day to get a job. | H57: {=MIN(SUMIF('외운 것'!A2:A271,A57,'외운 것'!D2:D271)+IF(R57=0,3,IF(R57=1,2,0)),3)} -> 3 | I57: {=_xlfn.COUNTIFS('외운 것'!A2:A271,A57,'외운 것'!D2:D271,0)} -> 1 | J57: {=IF(R57<>0,IF(H57>=3,_xlfn.XLOOKUP(A57,'외운 것'!A2:A271,'외운 것'!C2:C271,0,1),0),"3차")} -> 2026-04-29 | K57: {=IF(P57<>0,IF(N57>=3,_xlfn.XLOOKUP(A57,'외운 것'!A2:A271,'외운 것'!C2:C271,0,1),0),"1차")} -> 0 | L57: {=IF(Q57<>0,IF(N57>=3,_xlfn.XLOOKUP(A57,'외운 것'!A2:A271,'외운 것'!C2:C271,0,1),0),"2차")} -> 0 | M57: {=IF(R57<>0,IF(O57>=3,_xlfn.XLOOKUP(B57,'외운 것'!B2:B271,'외운 것'!D2:D271,0,1),0),"3차")} -> 0 | N57: 0 | O57: 3 | P57: 3 | Q57: 3 | R57: 2
A58: 57 | B58: 22 | C58: 동사1+동사2 | D58: 동사1+동사2 | E58: 그녀는 요리하면서 노래를 부른다. | F58: 그녀 - 부른다 - 노래 - 요리하다 ing | G58: She sings while cooking. | H58: {=MIN(SUMIF('외운 것'!A2:A271,A58,'외운 것'!D2:D271)+IF(R58=0,3,IF(R58=1,2,0)),3)} -> 3 | I58: {=_xlfn.COUNTIFS('외운 것'!A2:A271,A58,'외운 것'!D2:D271,0)} -> 1 | J58: {=IF(R58<>0,IF(H58>=3,_xlfn.XLOOKUP(A58,'외운 것'!A2:A271,'외운 것'!C2:C271,0,1),0),"3차")} -> 2026-04-28 | K58: {=IF(P58<>0,IF(N58>=3,_xlfn.XLOOKUP(A58,'외운 것'!A2:A271,'외운 것'!C2:C271,0,1),0),"1차")} -> 0 | L58: {=IF(Q58<>0,IF(N58>=3,_xlfn.XLOOKUP(A58,'외운 것'!A2:A271,'외운 것'!C2:C271,0,1),0),"2차")} -> 0 | M58: {=IF(R58<>0,IF(O58>=3,_xlfn.XLOOKUP(B58,'외운 것'!B2:B271,'외운 것'!D2:D271,0,1),0),"3차")} -> 0 | N58: 2 | O58: 3 | P58: 1 | Q58: 1 | R58: 1
A59: 58 | B59: 23 | C59: 동사1+동사2 | D59: 동사1+동사2 | E59: 그는 자기 계발을 위해 책을 읽고 있다. | F59: 그 - 읽고 있다 - 책 - to 계발하다 - 자기 | G59: He reads books to develop himself. | H59: {=MIN(SUMIF('외운 것'!A2:A271,A59,'외운 것'!D2:D271)+IF(R59=0,3,IF(R59=1,2,0)),3)} -> 3 | I59: {=_xlfn.COUNTIFS('외운 것'!A2:A271,A59,'외운 것'!D2:D271,0)} -> 0 | J59: {=IF(R59<>0,IF(H59>=3,_xlfn.XLOOKUP(A59,'외운 것'!A2:A271,'외운 것'!C2:C271,0,1),0),"3차")} -> 2026-04-28 | K59: {=IF(P59<>0,IF(N59>=3,_xlfn.XLOOKUP(A59,'외운 것'!A2:A271,'외운 것'!C2:C271,0,1),0),"1차")} -> 0 | L59: {=IF(Q59<>0,IF(N59>=3,_xlfn.XLOOKUP(A59,'외운 것'!A2:A271,'외운 것'!C2:C271,0,1),0),"2차")} -> 0 | M59: {=IF(R59<>0,IF(O59>=3,_xlfn.XLOOKUP(B59,'외운 것'!B2:B271,'외운 것'!D2:D271,0,1),0),"3차")} -> 0 | N59: 0 | O59: 3 | P59: 4 | Q59: 2 | R59: 1
A60: 59 | B60: 1 | C60: 주동대힘장시 | D60: 주동대힘장시 | E60: 그는 저녁에 레스토랑에서 친구와 함께 와인을 마신다. | F60: 그 - 마신다 - 와인 - with - 친구 - at - 레스토랑 - in - 저녁 | G60: He drinks wine with his friend at the restaurant in the evening. | H60: {=MIN(SUMIF('외운 것'!A2:A271,A60,'외운 것'!D2:D271)+IF(R60=0,3,IF(R60=1,2,0)),3)} -> 3 | I60: {=_xlfn.COUNTIFS('외운 것'!A2:A271,A60,'외운 것'!D2:D271,0)} -> 0 | J60: {=IF(R60<>0,IF(H60>=3,_xlfn.XLOOKUP(A60,'외운 것'!A2:A271,'외운 것'!C2:C271,0,1),0),"3차")} -> 3차 | K60: {=IF(P60<>0,IF(N60>=3,_xlfn.XLOOKUP(A60,'외운 것'!A2:A271,'외운 것'!C2:C271,0,1),0),"1차")} -> 0 | L60: {=IF(Q60<>0,IF(N60>=3,_xlfn.XLOOKUP(A60,'외운 것'!A2:A271,'외운 것'!C2:C271,0,1),0),"2차")} -> 2차 | M60: {=IF(R60<>0,IF(O60>=3,_xlfn.XLOOKUP(B60,'외운 것'!B2:B271,'외운 것'!D2:D271,0,1),0),"3차")} -> 3차 | N60: 0 | O60: 3 | P60: 2 | Q60: 0 | R60: 0
A61: 60 | B61: 2 | C61: 주동대힘장시 | D61: 주동대힘장시 | E61: 그는 저녁에 레스토랑에서 친구와 함께 식사를 한다. | F61: 그 - 식사를 한다 - with - 친구 - at - 레스토랑 - in - 저녁 | G61: He eats dinner with his friend at the restaurant in the evening. | H61: {=MIN(SUMIF('외운 것'!A2:A271,A61,'외운 것'!D2:D271)+IF(R61=0,3,IF(R61=1,2,0)),3)} -> 3 | I61: {=_xlfn.COUNTIFS('외운 것'!A2:A271,A61,'외운 것'!D2:D271,0)} -> 2 | J61: {=IF(R61<>0,IF(H61>=3,_xlfn.XLOOKUP(A61,'외운 것'!A2:A271,'외운 것'!C2:C271,0,1),0),"3차")} -> 2026-04-28 | K61: {=IF(P61<>0,IF(N61>=3,_xlfn.XLOOKUP(A61,'외운 것'!A2:A271,'외운 것'!C2:C271,0,1),0),"1차")} -> 0 | L61: {=IF(Q61<>0,IF(N61>=3,_xlfn.XLOOKUP(A61,'외운 것'!A2:A271,'외운 것'!C2:C271,0,1),0),"2차")} -> 0 | M61: {=IF(R61<>0,IF(O61>=3,_xlfn.XLOOKUP(B61,'외운 것'!B2:B271,'외운 것'!D2:D271,0,1),0),"3차")} -> 0 | N61: 2 | O61: 3 | P61: 1 | Q61: 1 | R61: 1
A62: 61 | B62: 3 | C62: 주동대힘장시 | D62: 주동대힘장시 | E62: 그들은 점심에 카페에서 가족과 함께 대화를 나눈다. | F62: 그들 - 대화를 나눈다 - with - 가족 - at - 카페 - at - 점심 | G62: They chat with their family at the cafe at lunch. | H62: {=MIN(SUMIF('외운 것'!A2:A271,A62,'외운 것'!D2:D271)+IF(R62=0,3,IF(R62=1,2,0)),3)} -> 3 | I62: {=_xlfn.COUNTIFS('외운 것'!A2:A271,A62,'외운 것'!D2:D271,0)} -> 1 | J62: {=IF(R62<>0,IF(H62>=3,_xlfn.XLOOKUP(A62,'외운 것'!A2:A271,'외운 것'!C2:C271,0,1),0),"3차")} -> 2026-04-28 | K62: {=IF(P62<>0,IF(N62>=3,_xlfn.XLOOKUP(A62,'외운 것'!A2:A271,'외운 것'!C2:C271,0,1),0),"1차")} -> 0 | L62: {=IF(Q62<>0,IF(N62>=3,_xlfn.XLOOKUP(A62,'외운 것'!A2:A271,'외운 것'!C2:C271,0,1),0),"2차")} -> 0 | M62: {=IF(R62<>0,IF(O62>=3,_xlfn.XLOOKUP(B62,'외운 것'!B2:B271,'외운 것'!D2:D271,0,1),0),"3차")} -> 0 | N62: 0 | O62: 3 | P62: 7 | Q62: 2 | R62: 1
A63: 62 | B63: 4 | C63: 주동대힘장시 | D63: 주동대힘장시 | E63: 그는 오후에 강가에서 개와 함께 조깅을 한다. | F63: 그 - 조깅을 한다 - with - 개 - by - 강가 - in - 오후 | G63: He jogs with his dog by the river in the afternoon. | H63: {=MIN(SUMIF('외운 것'!A2:A271,A63,'외운 것'!D2:D271)+IF(R63=0,3,IF(R63=1,2,0)),3)} -> 3 | I63: {=_xlfn.COUNTIFS('외운 것'!A2:A271,A63,'외운 것'!D2:D271,0)} -> 0 | J63: {=IF(R63<>0,IF(H63>=3,_xlfn.XLOOKUP(A63,'외운 것'!A2:A271,'외운 것'!C2:C271,0,1),0),"3차")} -> 2026-04-28 | K63: {=IF(P63<>0,IF(N63>=3,_xlfn.XLOOKUP(A63,'외운 것'!A2:A271,'외운 것'!C2:C271,0,1),0),"1차")} -> 0 | L63: {=IF(Q63<>0,IF(N63>=3,_xlfn.XLOOKUP(A63,'외운 것'!A2:A271,'외운 것'!C2:C271,0,1),0),"2차")} -> 0 | M63: {=IF(R63<>0,IF(O63>=3,_xlfn.XLOOKUP(B63,'외운 것'!B2:B271,'외운 것'!D2:D271,0,1),0),"3차")} -> 0 | N63: 0 | O63: 3 | P63: 3 | Q63: 2 | R63: 1
A64: 63 | B64: 5 | C64: 주동대힘장시 | D64: 주동대힘장시 | E64: 그녀는 저녁에 공원에서 아이들과 함께 놀아준다. | F64: 그녀 - 놀아준다 - with - 아이들 - at - 공원 - in - 저녁 | G64: She plays with her children at the park in the evening. | H64: {=MIN(SUMIF('외운 것'!A2:A271,A64,'외운 것'!D2:D271)+IF(R64=0,3,IF(R64=1,2,0)),3)} -> 3 | I64: {=_xlfn.COUNTIFS('외운 것'!A2:A271,A64,'외운 것'!D2:D271,0)} -> 0 | J64: {=IF(R64<>0,IF(H64>=3,_xlfn.XLOOKUP(A64,'외운 것'!A2:A271,'외운 것'!C2:C271,0,1),0),"3차")} -> 3차 | K64: {=IF(P64<>0,IF(N64>=3,_xlfn.XLOOKUP(A64,'외운 것'!A2:A271,'외운 것'!C2:C271,0,1),0),"1차")} -> 0 | L64: {=IF(Q64<>0,IF(N64>=3,_xlfn.XLOOKUP(A64,'외운 것'!A2:A271,'외운 것'!C2:C271,0,1),0),"2차")} -> 2차 | M64: {=IF(R64<>0,IF(O64>=3,_xlfn.XLOOKUP(B64,'외운 것'!B2:B271,'외운 것'!D2:D271,0,1),0),"3차")} -> 3차 | N64: 2 | O64: 3 | P64: 1 | Q64: 0 | R64: 0
A65: 64 | B65: 6 | C65: 주동대힘장시 | D65: 주동대힘장시 | E65: 그는 정오에 공원에서 나무 아래에 앉아 독서를 한다. | F65: 그 - 앉아 독서를 한다 - under - 나무 - in - 공원 - at - 정오 | G65: He sits and reads under the tree in the park at noon. | H65: {=MIN(SUMIF('외운 것'!A2:A271,A65,'외운 것'!D2:D271)+IF(R65=0,3,IF(R65=1,2,0)),3)} -> 3 | I65: {=_xlfn.COUNTIFS('외운 것'!A2:A271,A65,'외운 것'!D2:D271,0)} -> 1 | J65: {=IF(R65<>0,IF(H65>=3,_xlfn.XLOOKUP(A65,'외운 것'!A2:A271,'외운 것'!C2:C271,0,1),0),"3차")} -> 2026-04-28 | K65: {=IF(P65<>0,IF(N65>=3,_xlfn.XLOOKUP(A65,'외운 것'!A2:A271,'외운 것'!C2:C271,0,1),0),"1차")} -> 0 | L65: {=IF(Q65<>0,IF(N65>=3,_xlfn.XLOOKUP(A65,'외운 것'!A2:A271,'외운 것'!C2:C271,0,1),0),"2차")} -> 0 | M65: {=IF(R65<>0,IF(O65>=3,_xlfn.XLOOKUP(B65,'외운 것'!B2:B271,'외운 것'!D2:D271,0,1),0),"3차")} -> 0 | N65: 0 | O65: 3 | P65: 3 | Q65: 2 | R65: 1
A66: 65 | B66: 7 | C66: 주동대힘장시 | D66: 주동대힘장시 | E66: 그녀는 오후에 사무실에서 책상 위에 서류를 정리한다. | F66: 그녀 - 정리한다 - 서류 - on - 책상 - in - 사무실 - in - 오후 | G66: She organizes documents on the desk in the office in the afternoon. | H66: {=MIN(SUMIF('외운 것'!A2:A271,A66,'외운 것'!D2:D271)+IF(R66=0,3,IF(R66=1,2,0)),3)} -> 3 | I66: {=_xlfn.COUNTIFS('외운 것'!A2:A271,A66,'외운 것'!D2:D271,0)} -> 0 | J66: {=IF(R66<>0,IF(H66>=3,_xlfn.XLOOKUP(A66,'외운 것'!A2:A271,'외운 것'!C2:C271,0,1),0),"3차")} -> 3차 | K66: {=IF(P66<>0,IF(N66>=3,_xlfn.XLOOKUP(A66,'외운 것'!A2:A271,'외운 것'!C2:C271,0,1),0),"1차")} -> 0 | L66: {=IF(Q66<>0,IF(N66>=3,_xlfn.XLOOKUP(A66,'외운 것'!A2:A271,'외운 것'!C2:C271,0,1),0),"2차")} -> 2차 | M66: {=IF(R66<>0,IF(O66>=3,_xlfn.XLOOKUP(B66,'외운 것'!B2:B271,'외운 것'!D2:D271,0,1),0),"3차")} -> 3차 | N66: 2 | O66: 3 | P66: 1 | Q66: 0 | R66: 0
A67: 66 | B67: 8 | C67: 주동대힘장시 | D67: 주동대힘장시 | E67: 그들은 저녁에 레스토랑에서 테이블 주변에 앉아 대화를 나눈다. | F67: 그들 - 앉아 대화를 나눈다 - around - 테이블 - in - 레스토랑 - in - 저녁 | G67: They sit and chat around the table in the restaurant in the evening. | H67: {=MIN(SUMIF('외운 것'!A2:A271,A67,'외운 것'!D2:D271)+IF(R67=0,3,IF(R67=1,2,0)),3)} -> 3 | I67: {=_xlfn.COUNTIFS('외운 것'!A2:A271,A67,'외운 것'!D2:D271,0)} -> 1 | J67: {=IF(R67<>0,IF(H67>=3,_xlfn.XLOOKUP(A67,'외운 것'!A2:A271,'외운 것'!C2:C271,0,1),0),"3차")} -> 2026-04-29 | K67: {=IF(P67<>0,IF(N67>=3,_xlfn.XLOOKUP(A67,'외운 것'!A2:A271,'외운 것'!C2:C271,0,1),0),"1차")} -> 0 | L67: {=IF(Q67<>0,IF(N67>=3,_xlfn.XLOOKUP(A67,'외운 것'!A2:A271,'외운 것'!C2:C271,0,1),0),"2차")} -> 0 | M67: {=IF(R67<>0,IF(O67>=3,_xlfn.XLOOKUP(B67,'외운 것'!B2:B271,'외운 것'!D2:D271,0,1),0),"3차")} -> 0 | N67: 0 | O67: 3 | P67: 7 | Q67: 1 | R67: 2
A68: 67 | B68: 9 | C68: 주동대힘장시 | D68: 주동대힘장시 | E68: 그는 밤에 침대 위에 누워 책을 읽는다. | F68: 그 - 누워 읽는다 - 책 - on - 침대 - at - 밤 | G68: He lies and reads a book on the bed at night. | H68: {=MIN(SUMIF('외운 것'!A2:A271,A68,'외운 것'!D2:D271)+IF(R68=0,3,IF(R68=1,2,0)),3)} -> 3 | I68: {=_xlfn.COUNTIFS('외운 것'!A2:A271,A68,'외운 것'!D2:D271,0)} -> 0 | J68: {=IF(R68<>0,IF(H68>=3,_xlfn.XLOOKUP(A68,'외운 것'!A2:A271,'외운 것'!C2:C271,0,1),0),"3차")} -> 3차 | K68: {=IF(P68<>0,IF(N68>=3,_xlfn.XLOOKUP(A68,'외운 것'!A2:A271,'외운 것'!C2:C271,0,1),0),"1차")} -> 0 | L68: {=IF(Q68<>0,IF(N68>=3,_xlfn.XLOOKUP(A68,'외운 것'!A2:A271,'외운 것'!C2:C271,0,1),0),"2차")} -> 0 | M68: {=IF(R68<>0,IF(O68>=3,_xlfn.XLOOKUP(B68,'외운 것'!B2:B271,'외운 것'!D2:D271,0,1),0),"3차")} -> 3차 | N68: 0 | O68: 3 | P68: 5 | Q68: 1 | R68: 0
A69: 68 | B69: 10 | C69: 주동대힘장시 | D69: 주동대힘장시 | E69: 그녀는 아침에 바닷가에서 경치를 감상한다. | F69: 그녀 - 감상한다 - 경치 - at - 바닷가 - in - 아침 | G69: She enjoys the view at the beach in the morning. | H69: {=MIN(SUMIF('외운 것'!A2:A271,A69,'외운 것'!D2:D271)+IF(R69=0,3,IF(R69=1,2,0)),3)} -> 3 | I69: {=_xlfn.COUNTIFS('외운 것'!A2:A271,A69,'외운 것'!D2:D271,0)} -> 0 | J69: {=IF(R69<>0,IF(H69>=3,_xlfn.XLOOKUP(A69,'외운 것'!A2:A271,'외운 것'!C2:C271,0,1),0),"3차")} -> 2026-04-28 | K69: {=IF(P69<>0,IF(N69>=3,_xlfn.XLOOKUP(A69,'외운 것'!A2:A271,'외운 것'!C2:C271,0,1),0),"1차")} -> 0 | L69: {=IF(Q69<>0,IF(N69>=3,_xlfn.XLOOKUP(A69,'외운 것'!A2:A271,'외운 것'!C2:C271,0,1),0),"2차")} -> 0 | M69: {=IF(R69<>0,IF(O69>=3,_xlfn.XLOOKUP(B69,'외운 것'!B2:B271,'외운 것'!D2:D271,0,1),0),"3차")} -> 0 | N69: 0 | O69: 3 | P69: 3 | Q69: 4 | R69: 1
A70: 69 | B70: 11 | C70: 주동대힘장시 | D70: 주동대힘장시 | E70: 그녀는 아침에 발코니에서 혼자 차를 마신다. | F70: 그녀 - 마신다 - 차 - alone - on - 발코니 - in - 아침 | G70: She drinks tea alone on the balcony in the morning. | H70: {=MIN(SUMIF('외운 것'!A2:A271,A70,'외운 것'!D2:D271)+IF(R70=0,3,IF(R70=1,2,0)),3)} -> 3 | I70: {=_xlfn.COUNTIFS('외운 것'!A2:A271,A70,'외운 것'!D2:D271,0)} -> 0 | J70: {=IF(R70<>0,IF(H70>=3,_xlfn.XLOOKUP(A70,'외운 것'!A2:A271,'외운 것'!C2:C271,0,1),0),"3차")} -> 3차 | K70: {=IF(P70<>0,IF(N70>=3,_xlfn.XLOOKUP(A70,'외운 것'!A2:A271,'외운 것'!C2:C271,0,1),0),"1차")} -> 0 | L70: {=IF(Q70<>0,IF(N70>=3,_xlfn.XLOOKUP(A70,'외운 것'!A2:A271,'외운 것'!C2:C271,0,1),0),"2차")} -> 2차 | M70: {=IF(R70<>0,IF(O70>=3,_xlfn.XLOOKUP(B70,'외운 것'!B2:B271,'외운 것'!D2:D271,0,1),0),"3차")} -> 3차 | N70: 0 | O70: 3 | P70: 3 | Q70: 0 | R70: 0
A71: 70 | B71: 12 | C71: 주동대힘장시 | D71: 주동대힘장시 | E71: 그는 아침에 도서관에서 혼자 공부를 한다. | F71: 그 - 공부를 한다 - alone - in - 도서관 - in - 아침 | G71: He studies alone in the library in the morning. | H71: {=MIN(SUMIF('외운 것'!A2:A271,A71,'외운 것'!D2:D271)+IF(R71=0,3,IF(R71=1,2,0)),3)} -> 3 | I71: {=_xlfn.COUNTIFS('외운 것'!A2:A271,A71,'외운 것'!D2:D271,0)} -> 0 | J71: {=IF(R71<>0,IF(H71>=3,_xlfn.XLOOKUP(A71,'외운 것'!A2:A271,'외운 것'!C2:C271,0,1),0),"3차")} -> 3차 | K71: {=IF(P71<>0,IF(N71>=3,_xlfn.XLOOKUP(A71,'외운 것'!A2:A271,'외운 것'!C2:C271,0,1),0),"1차")} -> 1차 | L71: {=IF(Q71<>0,IF(N71>=3,_xlfn.XLOOKUP(A71,'외운 것'!A2:A271,'외운 것'!C2:C271,0,1),0),"2차")} -> 2차 | M71: {=IF(R71<>0,IF(O71>=3,_xlfn.XLOOKUP(B71,'외운 것'!B2:B271,'외운 것'!D2:D271,0,1),0),"3차")} -> 3차 | N71: 3 | O71: 3 | P71: 0 | Q71: 0 | R71: 0
A72: 71 | B72: 1 | C72: 전치사 | D72: 전치사 | E72: 강아지가 집 바깥쪽에 있다 | F72: 강아지 - 있다 - outside - 집 | G72: The dog is outside the house. | H72: {=MIN(SUMIF('외운 것'!A2:A271,A72,'외운 것'!D2:D271)+IF(R72=0,3,IF(R72=1,2,0)),3)} -> 3 | I72: {=_xlfn.COUNTIFS('외운 것'!A2:A271,A72,'외운 것'!D2:D271,0)} -> 0 | J72: {=IF(R72<>0,IF(H72>=3,_xlfn.XLOOKUP(A72,'외운 것'!A2:A271,'외운 것'!C2:C271,0,1),0),"3차")} -> 3차 | K72: {=IF(P72<>0,IF(N72>=3,_xlfn.XLOOKUP(A72,'외운 것'!A2:A271,'외운 것'!C2:C271,0,1),0),"1차")} -> 0 | L72: {=IF(Q72<>0,IF(N72>=3,_xlfn.XLOOKUP(A72,'외운 것'!A2:A271,'외운 것'!C2:C271,0,1),0),"2차")} -> 2차 | M72: {=IF(R72<>0,IF(O72>=3,_xlfn.XLOOKUP(B72,'외운 것'!B2:B271,'외운 것'!D2:D271,0,1),0),"3차")} -> 3차 | N72: 0 | O72: 3 | P72: 2 | Q72: 0 | R72: 0
A73: 72 | B73: 2 | C73: 전치사 | D73: 전치사 | E73: 울타리가 집을 둘러싸고 있다 | F73: 울타리 - 있다 - around - 집 | G73: The fence is around the house. | H73: {=MIN(SUMIF('외운 것'!A2:A271,A73,'외운 것'!D2:D271)+IF(R73=0,3,IF(R73=1,2,0)),3)} -> 3 | I73: {=_xlfn.COUNTIFS('외운 것'!A2:A271,A73,'외운 것'!D2:D271,0)} -> 0 | J73: {=IF(R73<>0,IF(H73>=3,_xlfn.XLOOKUP(A73,'외운 것'!A2:A271,'외운 것'!C2:C271,0,1),0),"3차")} -> 3차 | K73: {=IF(P73<>0,IF(N73>=3,_xlfn.XLOOKUP(A73,'외운 것'!A2:A271,'외운 것'!C2:C271,0,1),0),"1차")} -> 1차 | L73: {=IF(Q73<>0,IF(N73>=3,_xlfn.XLOOKUP(A73,'외운 것'!A2:A271,'외운 것'!C2:C271,0,1),0),"2차")} -> 2차 | M73: {=IF(R73<>0,IF(O73>=3,_xlfn.XLOOKUP(B73,'외운 것'!B2:B271,'외운 것'!D2:D271,0,1),0),"3차")} -> 3차 | N73: 3 | O73: 3 | P73: 0 | Q73: 0 | R73: 0
A74: 73 | B74: 3 | C74: 전치사 | D74: 전치사 | E74: 비행기가 마을 위로 날아간다 | F74: 비행기 - 날아간다 - above - 마을 | G74: The plane flies above a town. | H74: {=MIN(SUMIF('외운 것'!A2:A271,A74,'외운 것'!D2:D271)+IF(R74=0,3,IF(R74=1,2,0)),3)} -> 3 | I74: {=_xlfn.COUNTIFS('외운 것'!A2:A271,A74,'외운 것'!D2:D271,0)} -> 1 | J74: {=IF(R74<>0,IF(H74>=3,_xlfn.XLOOKUP(A74,'외운 것'!A2:A271,'외운 것'!C2:C271,0,1),0),"3차")} -> 2026-04-29 | K74: {=IF(P74<>0,IF(N74>=3,_xlfn.XLOOKUP(A74,'외운 것'!A2:A271,'외운 것'!C2:C271,0,1),0),"1차")} -> 0 | L74: {=IF(Q74<>0,IF(N74>=3,_xlfn.XLOOKUP(A74,'외운 것'!A2:A271,'외운 것'!C2:C271,0,1),0),"2차")} -> 0 | M74: {=IF(R74<>0,IF(O74>=3,_xlfn.XLOOKUP(B74,'외운 것'!B2:B271,'외운 것'!D2:D271,0,1),0),"3차")} -> 0 | N74: 0 | O74: 3 | P74: 6 | Q74: 4 | R74: 2
A75: 74 | B75: 4 | C75: 전치사 | D75: 전치사 | E75: 물고기가 물 표면 바로 아래에 있다 | F75: 물고기 - 있다 - beneath - 물 표면 | G75: The fish is beneath the water surface. | H75: {=MIN(SUMIF('외운 것'!A2:A271,A75,'외운 것'!D2:D271)+IF(R75=0,3,IF(R75=1,2,0)),3)} -> 3 | I75: {=_xlfn.COUNTIFS('외운 것'!A2:A271,A75,'외운 것'!D2:D271,0)} -> 0 | J75: {=IF(R75<>0,IF(H75>=3,_xlfn.XLOOKUP(A75,'외운 것'!A2:A271,'외운 것'!C2:C271,0,1),0),"3차")} -> 2026-04-28 | K75: {=IF(P75<>0,IF(N75>=3,_xlfn.XLOOKUP(A75,'외운 것'!A2:A271,'외운 것'!C2:C271,0,1),0),"1차")} -> 0 | L75: {=IF(Q75<>0,IF(N75>=3,_xlfn.XLOOKUP(A75,'외운 것'!A2:A271,'외운 것'!C2:C271,0,1),0),"2차")} -> 0 | M75: {=IF(R75<>0,IF(O75>=3,_xlfn.XLOOKUP(B75,'외운 것'!B2:B271,'외운 것'!D2:D271,0,1),0),"3차")} -> 0 | N75: 0 | O75: 3 | P75: 3 | Q75: 1 | R75: 1
A76: 75 | B76: 5 | C76: 전치사 | D76: 전치사 | E76: 사과가 바구니 안에 있다 | F76: 사과 - 있다 - in - 바구니 | G76: The apple is in the basket. | H76: {=MIN(SUMIF('외운 것'!A2:A271,A76,'외운 것'!D2:D271)+IF(R76=0,3,IF(R76=1,2,0)),3)} -> 3 | I76: {=_xlfn.COUNTIFS('외운 것'!A2:A271,A76,'외운 것'!D2:D271,0)} -> 0 | J76: {=IF(R76<>0,IF(H76>=3,_xlfn.XLOOKUP(A76,'외운 것'!A2:A271,'외운 것'!C2:C271,0,1),0),"3차")} -> 3차 | K76: {=IF(P76<>0,IF(N76>=3,_xlfn.XLOOKUP(A76,'외운 것'!A2:A271,'외운 것'!C2:C271,0,1),0),"1차")} -> 0 | L76: {=IF(Q76<>0,IF(N76>=3,_xlfn.XLOOKUP(A76,'외운 것'!A2:A271,'외운 것'!C2:C271,0,1),0),"2차")} -> 0 | M76: {=IF(R76<>0,IF(O76>=3,_xlfn.XLOOKUP(B76,'외운 것'!B2:B271,'외운 것'!D2:D271,0,1),0),"3차")} -> 3차 | N76: 0 | O76: 3 | P76: 3 | Q76: 1 | R76: 0
A77: 76 | B77: 6 | C77: 전치사 | D77: 전치사 | E77: 고양이가 집 안쪽에 있다 | F77: 고양이 - 있다 - inside - 집 | G77: The cat is inside the house. | H77: {=MIN(SUMIF('외운 것'!A2:A271,A77,'외운 것'!D2:D271)+IF(R77=0,3,IF(R77=1,2,0)),3)} -> 3 | I77: {=_xlfn.COUNTIFS('외운 것'!A2:A271,A77,'외운 것'!D2:D271,0)} -> 0 | J77: {=IF(R77<>0,IF(H77>=3,_xlfn.XLOOKUP(A77,'외운 것'!A2:A271,'외운 것'!C2:C271,0,1),0),"3차")} -> 3차 | K77: {=IF(P77<>0,IF(N77>=3,_xlfn.XLOOKUP(A77,'외운 것'!A2:A271,'외운 것'!C2:C271,0,1),0),"1차")} -> 1차 | L77: {=IF(Q77<>0,IF(N77>=3,_xlfn.XLOOKUP(A77,'외운 것'!A2:A271,'외운 것'!C2:C271,0,1),0),"2차")} -> 2차 | M77: {=IF(R77<>0,IF(O77>=3,_xlfn.XLOOKUP(B77,'외운 것'!B2:B271,'외운 것'!D2:D271,0,1),0),"3차")} -> 3차 | N77: 3 | O77: 3 | P77: 0 | Q77: 0 | R77: 0
A78: 77 | B78: 7 | C78: 전치사 | D78: 전치사 | E78: 그는 두 시간 내에 돌아올 것이다 | F78: 그 - 돌아올 것이다 - within - 두 시간 | G78: He will return within two hours. | H78: {=MIN(SUMIF('외운 것'!A2:A271,A78,'외운 것'!D2:D271)+IF(R78=0,3,IF(R78=1,2,0)),3)} -> 3 | I78: {=_xlfn.COUNTIFS('외운 것'!A2:A271,A78,'외운 것'!D2:D271,0)} -> 0 | J78: {=IF(R78<>0,IF(H78>=3,_xlfn.XLOOKUP(A78,'외운 것'!A2:A271,'외운 것'!C2:C271,0,1),0),"3차")} -> 2026-04-28 | K78: {=IF(P78<>0,IF(N78>=3,_xlfn.XLOOKUP(A78,'외운 것'!A2:A271,'외운 것'!C2:C271,0,1),0),"1차")} -> 0 | L78: {=IF(Q78<>0,IF(N78>=3,_xlfn.XLOOKUP(A78,'외운 것'!A2:A271,'외운 것'!C2:C271,0,1),0),"2차")} -> 0 | M78: {=IF(R78<>0,IF(O78>=3,_xlfn.XLOOKUP(B78,'외운 것'!B2:B271,'외운 것'!D2:D271,0,1),0),"3차")} -> 0 | N78: 0 | O78: 3 | P78: 4 | Q78: 2 | R78: 1
A79: 78 | B79: 8 | C79: 전치사 | D79: 전치사 | E79: 나무가 숲 한가운데 있다 | F79: 나무 - 있다 - amid - 숲 | G79: The tree is amid the forest. | H79: {=MIN(SUMIF('외운 것'!A2:A271,A79,'외운 것'!D2:D271)+IF(R79=0,3,IF(R79=1,2,0)),3)} -> 3 | I79: {=_xlfn.COUNTIFS('외운 것'!A2:A271,A79,'외운 것'!D2:D271,0)} -> 0 | J79: {=IF(R79<>0,IF(H79>=3,_xlfn.XLOOKUP(A79,'외운 것'!A2:A271,'외운 것'!C2:C271,0,1),0),"3차")} -> 3차 | K79: {=IF(P79<>0,IF(N79>=3,_xlfn.XLOOKUP(A79,'외운 것'!A2:A271,'외운 것'!C2:C271,0,1),0),"1차")} -> 0 | L79: {=IF(Q79<>0,IF(N79>=3,_xlfn.XLOOKUP(A79,'외운 것'!A2:A271,'외운 것'!C2:C271,0,1),0),"2차")} -> 2차 | M79: {=IF(R79<>0,IF(O79>=3,_xlfn.XLOOKUP(B79,'외운 것'!B2:B271,'외운 것'!D2:D271,0,1),0),"3차")} -> 3차 | N79: 2 | O79: 3 | P79: 1 | Q79: 0 | R79: 0
A80: 79 | B80: 9 | C80: 전치사 | D80: 전치사 | E80: 무지개가 강 위로 걸쳐있다 | F80: 무지개 - 걸쳐있다 - over - 강 | G80: The rainbow stretches over the river. | H80: {=MIN(SUMIF('외운 것'!A2:A271,A80,'외운 것'!D2:D271)+IF(R80=0,3,IF(R80=1,2,0)),3)} -> 3 | I80: {=_xlfn.COUNTIFS('외운 것'!A2:A271,A80,'외운 것'!D2:D271,0)} -> 0 | J80: {=IF(R80<>0,IF(H80>=3,_xlfn.XLOOKUP(A80,'외운 것'!A2:A271,'외운 것'!C2:C271,0,1),0),"3차")} -> 3차 | K80: {=IF(P80<>0,IF(N80>=3,_xlfn.XLOOKUP(A80,'외운 것'!A2:A271,'외운 것'!C2:C271,0,1),0),"1차")} -> 0 | L80: {=IF(Q80<>0,IF(N80>=3,_xlfn.XLOOKUP(A80,'외운 것'!A2:A271,'외운 것'!C2:C271,0,1),0),"2차")} -> 2차 | M80: {=IF(R80<>0,IF(O80>=3,_xlfn.XLOOKUP(B80,'외운 것'!B2:B271,'외운 것'!D2:D271,0,1),0),"3차")} -> 3차 | N80: 2 | O80: 3 | P80: 1 | Q80: 0 | R80: 0
A81: 80 | B81: 10 | C81: 전치사 | D81: 전치사 | E81: 지하철이 도시 아래로 지나간다 | F81: 지하철 - 지나간다 - below - 도시 | G81: The subway runs below the city. | H81: {=MIN(SUMIF('외운 것'!A2:A271,A81,'외운 것'!D2:D271)+IF(R81=0,3,IF(R81=1,2,0)),3)} -> 3 | I81: {=_xlfn.COUNTIFS('외운 것'!A2:A271,A81,'외운 것'!D2:D271,0)} -> 0 | J81: {=IF(R81<>0,IF(H81>=3,_xlfn.XLOOKUP(A81,'외운 것'!A2:A271,'외운 것'!C2:C271,0,1),0),"3차")} -> 3차 | K81: {=IF(P81<>0,IF(N81>=3,_xlfn.XLOOKUP(A81,'외운 것'!A2:A271,'외운 것'!C2:C271,0,1),0),"1차")} -> 0 | L81: {=IF(Q81<>0,IF(N81>=3,_xlfn.XLOOKUP(A81,'외운 것'!A2:A271,'외운 것'!C2:C271,0,1),0),"2차")} -> 2차 | M81: {=IF(R81<>0,IF(O81>=3,_xlfn.XLOOKUP(B81,'외운 것'!B2:B271,'외운 것'!D2:D271,0,1),0),"3차")} -> 3차 | N81: 0 | O81: 3 | P81: 5 | Q81: 0 | R81: 0
A82: 81 | B82: 11 | C82: 전치사 | D82: 전치사 | E82: 책상이 전등 아래에 있다 | F82: 책상 - 있다 - under - 전등 | G82: The desk is under the light. | H82: {=MIN(SUMIF('외운 것'!A2:A271,A82,'외운 것'!D2:D271)+IF(R82=0,3,IF(R82=1,2,0)),3)} -> 3 | I82: {=_xlfn.COUNTIFS('외운 것'!A2:A271,A82,'외운 것'!D2:D271,0)} -> 0 | J82: {=IF(R82<>0,IF(H82>=3,_xlfn.XLOOKUP(A82,'외운 것'!A2:A271,'외운 것'!C2:C271,0,1),0),"3차")} -> 3차 | K82: {=IF(P82<>0,IF(N82>=3,_xlfn.XLOOKUP(A82,'외운 것'!A2:A271,'외운 것'!C2:C271,0,1),0),"1차")} -> 0 | L82: {=IF(Q82<>0,IF(N82>=3,_xlfn.XLOOKUP(A82,'외운 것'!A2:A271,'외운 것'!C2:C271,0,1),0),"2차")} -> 2차 | M82: {=IF(R82<>0,IF(O82>=3,_xlfn.XLOOKUP(B82,'외운 것'!B2:B271,'외운 것'!D2:D271,0,1),0),"3차")} -> 3차 | N82: 2 | O82: 3 | P82: 1 | Q82: 0 | R82: 0
A83: 82 | B83: 12 | C83: 전치사 | D83: 전치사 | E83: 유명 가수가 팬들 가운데 있다 | F83: 유명 가수 - 있다 - among - 팬들 | G83: A famous singer is among the fans. | H83: {=MIN(SUMIF('외운 것'!A2:A271,A83,'외운 것'!D2:D271)+IF(R83=0,3,IF(R83=1,2,0)),3)} -> 3 | I83: {=_xlfn.COUNTIFS('외운 것'!A2:A271,A83,'외운 것'!D2:D271,0)} -> 2 | J83: {=IF(R83<>0,IF(H83>=3,_xlfn.XLOOKUP(A83,'외운 것'!A2:A271,'외운 것'!C2:C271,0,1),0),"3차")} -> 2026-04-28 | K83: {=IF(P83<>0,IF(N83>=3,_xlfn.XLOOKUP(A83,'외운 것'!A2:A271,'외운 것'!C2:C271,0,1),0),"1차")} -> 0 | L83: {=IF(Q83<>0,IF(N83>=3,_xlfn.XLOOKUP(A83,'외운 것'!A2:A271,'외운 것'!C2:C271,0,1),0),"2차")} -> 0 | M83: {=IF(R83<>0,IF(O83>=3,_xlfn.XLOOKUP(B83,'외운 것'!B2:B271,'외운 것'!D2:D271,0,1),0),"3차")} -> 0 | N83: 0 | O83: 3 | P83: 5 | Q83: 1 | R83: 1
A84: 83 | B84: 13 | C84: 전치사 | D84: 전치사 | E84: 고양이가 상자 밖에 있다 | F84: 고양이 - 있다 - out - 상자 | G84: The cat is out the box. | H84: {=MIN(SUMIF('외운 것'!A2:A271,A84,'외운 것'!D2:D271)+IF(R84=0,3,IF(R84=1,2,0)),3)} -> 3 | I84: {=_xlfn.COUNTIFS('외운 것'!A2:A271,A84,'외운 것'!D2:D271,0)} -> 0 | J84: {=IF(R84<>0,IF(H84>=3,_xlfn.XLOOKUP(A84,'외운 것'!A2:A271,'외운 것'!C2:C271,0,1),0),"3차")} -> 2026-04-28 | K84: {=IF(P84<>0,IF(N84>=3,_xlfn.XLOOKUP(A84,'외운 것'!A2:A271,'외운 것'!C2:C271,0,1),0),"1차")} -> 0 | L84: {=IF(Q84<>0,IF(N84>=3,_xlfn.XLOOKUP(A84,'외운 것'!A2:A271,'외운 것'!C2:C271,0,1),0),"2차")} -> 0 | M84: {=IF(R84<>0,IF(O84>=3,_xlfn.XLOOKUP(B84,'외운 것'!B2:B271,'외운 것'!D2:D271,0,1),0),"3차")} -> 0 | N84: 0 | O84: 3 | P84: 2 | Q84: 1 | R84: 2
A85: 84 | B85: 14 | C85: 전치사 | D85: 전치사 | E85: 가게들이 광장을 둘러싸고 있다 | F85: 가게들 - 있다 - about - 광장 | G85: The shops are about the square. | H85: {=MIN(SUMIF('외운 것'!A2:A271,A85,'외운 것'!D2:D271)+IF(R85=0,3,IF(R85=1,2,0)),3)} -> 3 | I85: {=_xlfn.COUNTIFS('외운 것'!A2:A271,A85,'외운 것'!D2:D271,0)} -> 0 | J85: {=IF(R85<>0,IF(H85>=3,_xlfn.XLOOKUP(A85,'외운 것'!A2:A271,'외운 것'!C2:C271,0,1),0),"3차")} -> 2026-04-28 | K85: {=IF(P85<>0,IF(N85>=3,_xlfn.XLOOKUP(A85,'외운 것'!A2:A271,'외운 것'!C2:C271,0,1),0),"1차")} -> 0 | L85: {=IF(Q85<>0,IF(N85>=3,_xlfn.XLOOKUP(A85,'외운 것'!A2:A271,'외운 것'!C2:C271,0,1),0),"2차")} -> 0 | M85: {=IF(R85<>0,IF(O85>=3,_xlfn.XLOOKUP(B85,'외운 것'!B2:B271,'외운 것'!D2:D271,0,1),0),"3차")} -> 0 | N85: 0 | O85: 3 | P85: 6 | Q85: 1 | R85: 2
A86: 85 | B86: 15 | C86: 전치사 | D86: 전치사 | E86: 그들은 골프에 대하여 이야기한다 | F86: 그들 - 이야기한다 - about - 골프 | G86: They talk about golf. | H86: {=MIN(SUMIF('외운 것'!A2:A271,A86,'외운 것'!D2:D271)+IF(R86=0,3,IF(R86=1,2,0)),3)} -> 3 | I86: {=_xlfn.COUNTIFS('외운 것'!A2:A271,A86,'외운 것'!D2:D271,0)} -> 0 | J86: {=IF(R86<>0,IF(H86>=3,_xlfn.XLOOKUP(A86,'외운 것'!A2:A271,'외운 것'!C2:C271,0,1),0),"3차")} -> 2026-04-28 | K86: {=IF(P86<>0,IF(N86>=3,_xlfn.XLOOKUP(A86,'외운 것'!A2:A271,'외운 것'!C2:C271,0,1),0),"1차")} -> 0 | L86: {=IF(Q86<>0,IF(N86>=3,_xlfn.XLOOKUP(A86,'외운 것'!A2:A271,'외운 것'!C2:C271,0,1),0),"2차")} -> 0 | M86: {=IF(R86<>0,IF(O86>=3,_xlfn.XLOOKUP(B86,'외운 것'!B2:B271,'외운 것'!D2:D271,0,1),0),"3차")} -> 0 | N86: 2 | O86: 3 | P86: 1 | Q86: 2 | R86: 1
A87: 86 | B87: 16 | C87: 전치사 | D87: 전치사 | E87: 나무가 집 바로 옆에 있다 | F87: 나무 - 있다 - next to - 집 | G87: The tree is next to the house. | H87: {=MIN(SUMIF('외운 것'!A2:A271,A87,'외운 것'!D2:D271)+IF(R87=0,3,IF(R87=1,2,0)),3)} -> 3 | I87: {=_xlfn.COUNTIFS('외운 것'!A2:A271,A87,'외운 것'!D2:D271,0)} -> 0 | J87: {=IF(R87<>0,IF(H87>=3,_xlfn.XLOOKUP(A87,'외운 것'!A2:A271,'외운 것'!C2:C271,0,1),0),"3차")} -> 3차 | K87: {=IF(P87<>0,IF(N87>=3,_xlfn.XLOOKUP(A87,'외운 것'!A2:A271,'외운 것'!C2:C271,0,1),0),"1차")} -> 0 | L87: {=IF(Q87<>0,IF(N87>=3,_xlfn.XLOOKUP(A87,'외운 것'!A2:A271,'외운 것'!C2:C271,0,1),0),"2차")} -> 2차 | M87: {=IF(R87<>0,IF(O87>=3,_xlfn.XLOOKUP(B87,'외운 것'!B2:B271,'외운 것'!D2:D271,0,1),0),"3차")} -> 3차 | N87: 2 | O87: 3 | P87: 1 | Q87: 0 | R87: 0
A88: 87 | B88: 17 | C88: 전치사 | D88: 전치사 | E88: 은행이 상점 옆에 있다 | F88: 은행 - 있다 - beside - 상점 | G88: The bank is beside the shop. | H88: {=MIN(SUMIF('외운 것'!A2:A271,A88,'외운 것'!D2:D271)+IF(R88=0,3,IF(R88=1,2,0)),3)} -> 3 | I88: {=_xlfn.COUNTIFS('외운 것'!A2:A271,A88,'외운 것'!D2:D271,0)} -> 0 | J88: {=IF(R88<>0,IF(H88>=3,_xlfn.XLOOKUP(A88,'외운 것'!A2:A271,'외운 것'!C2:C271,0,1),0),"3차")} -> 3차 | K88: {=IF(P88<>0,IF(N88>=3,_xlfn.XLOOKUP(A88,'외운 것'!A2:A271,'외운 것'!C2:C271,0,1),0),"1차")} -> 1차 | L88: {=IF(Q88<>0,IF(N88>=3,_xlfn.XLOOKUP(A88,'외운 것'!A2:A271,'외운 것'!C2:C271,0,1),0),"2차")} -> 2차 | M88: {=IF(R88<>0,IF(O88>=3,_xlfn.XLOOKUP(B88,'외운 것'!B2:B271,'외운 것'!D2:D271,0,1),0),"3차")} -> 3차 | N88: 3 | O88: 3 | P88: 0 | Q88: 0 | R88: 0
A89: 88 | B89: 18 | C89: 전치사 | D89: 전치사 | E89: 학교가 공원 근처에 있다 | F89: 학교 - 있다 - near - 공원 | G89: The school is near the park. | H89: {=MIN(SUMIF('외운 것'!A2:A271,A89,'외운 것'!D2:D271)+IF(R89=0,3,IF(R89=1,2,0)),3)} -> 3 | I89: {=_xlfn.COUNTIFS('외운 것'!A2:A271,A89,'외운 것'!D2:D271,0)} -> 0 | J89: {=IF(R89<>0,IF(H89>=3,_xlfn.XLOOKUP(A89,'외운 것'!A2:A271,'외운 것'!C2:C271,0,1),0),"3차")} -> 3차 | K89: {=IF(P89<>0,IF(N89>=3,_xlfn.XLOOKUP(A89,'외운 것'!A2:A271,'외운 것'!C2:C271,0,1),0),"1차")} -> 1차 | L89: {=IF(Q89<>0,IF(N89>=3,_xlfn.XLOOKUP(A89,'외운 것'!A2:A271,'외운 것'!C2:C271,0,1),0),"2차")} -> 2차 | M89: {=IF(R89<>0,IF(O89>=3,_xlfn.XLOOKUP(B89,'외운 것'!B2:B271,'외운 것'!D2:D271,0,1),0),"3차")} -> 3차 | N89: 3 | O89: 3 | P89: 0 | Q89: 0 | R89: 0
A90: 89 | B90: 19 | C90: 전치사 | D90: 전치사 | E90: 나는 친구와 함께 있다 | F90: 나 - 있다 - with - 친구 | G90: I am with my friend. | H90: {=MIN(SUMIF('외운 것'!A2:A271,A90,'외운 것'!D2:D271)+IF(R90=0,3,IF(R90=1,2,0)),3)} -> 3 | I90: {=_xlfn.COUNTIFS('외운 것'!A2:A271,A90,'외운 것'!D2:D271,0)} -> 0 | J90: {=IF(R90<>0,IF(H90>=3,_xlfn.XLOOKUP(A90,'외운 것'!A2:A271,'외운 것'!C2:C271,0,1),0),"3차")} -> 3차 | K90: {=IF(P90<>0,IF(N90>=3,_xlfn.XLOOKUP(A90,'외운 것'!A2:A271,'외운 것'!C2:C271,0,1),0),"1차")} -> 1차 | L90: {=IF(Q90<>0,IF(N90>=3,_xlfn.XLOOKUP(A90,'외운 것'!A2:A271,'외운 것'!C2:C271,0,1),0),"2차")} -> 2차 | M90: {=IF(R90<>0,IF(O90>=3,_xlfn.XLOOKUP(B90,'외운 것'!B2:B271,'외운 것'!D2:D271,0,1),0),"3차")} -> 3차 | N90: 3 | O90: 3 | P90: 0 | Q90: 0 | R90: 0
A91: 90 | B91: 20 | C91: 전치사 | D91: 전치사 | E91: 그는 지갑 없이 떠났다 | F91: 그 - 떠났다 - without - 지갑 | G91: He left without his wallet. | H91: {=MIN(SUMIF('외운 것'!A2:A271,A91,'외운 것'!D2:D271)+IF(R91=0,3,IF(R91=1,2,0)),3)} -> 3 | I91: {=_xlfn.COUNTIFS('외운 것'!A2:A271,A91,'외운 것'!D2:D271,0)} -> 0 | J91: {=IF(R91<>0,IF(H91>=3,_xlfn.XLOOKUP(A91,'외운 것'!A2:A271,'외운 것'!C2:C271,0,1),0),"3차")} -> 3차 | K91: {=IF(P91<>0,IF(N91>=3,_xlfn.XLOOKUP(A91,'외운 것'!A2:A271,'외운 것'!C2:C271,0,1),0),"1차")} -> 0 | L91: {=IF(Q91<>0,IF(N91>=3,_xlfn.XLOOKUP(A91,'외운 것'!A2:A271,'외운 것'!C2:C271,0,1),0),"2차")} -> 0 | M91: {=IF(R91<>0,IF(O91>=3,_xlfn.XLOOKUP(B91,'외운 것'!B2:B271,'외운 것'!D2:D271,0,1),0),"3차")} -> 3차 | N91: 0 | O91: 3 | P91: 4 | Q91: 3 | R91: 0
A92: 91 | B92: 21 | C92: 전치사 | D92: 전치사 | E92: 나는 회의 전에 자료를 준비한다 | F92: 나 - 준비한다 - 자료 - before - 회의 | G92: I prepare the materials before the meeting. | H92: {=MIN(SUMIF('외운 것'!A2:A271,A92,'외운 것'!D2:D271)+IF(R92=0,3,IF(R92=1,2,0)),3)} -> 3 | I92: {=_xlfn.COUNTIFS('외운 것'!A2:A271,A92,'외운 것'!D2:D271,0)} -> 0 | J92: {=IF(R92<>0,IF(H92>=3,_xlfn.XLOOKUP(A92,'외운 것'!A2:A271,'외운 것'!C2:C271,0,1),0),"3차")} -> 2026-04-28 | K92: {=IF(P92<>0,IF(N92>=3,_xlfn.XLOOKUP(A92,'외운 것'!A2:A271,'외운 것'!C2:C271,0,1),0),"1차")} -> 0 | L92: {=IF(Q92<>0,IF(N92>=3,_xlfn.XLOOKUP(A92,'외운 것'!A2:A271,'외운 것'!C2:C271,0,1),0),"2차")} -> 0 | M92: {=IF(R92<>0,IF(O92>=3,_xlfn.XLOOKUP(B92,'외운 것'!B2:B271,'외운 것'!D2:D271,0,1),0),"3차")} -> 0 | N92: 0 | O92: 3 | P92: 3 | Q92: 3 | R92: 1
A93: 92 | B93: 22 | C93: 전치사 | D93: 전치사 | E93: 그는 나보다 앞서 달린다 | F93: 그 - 달린다 - ahead of - 나 | G93: He runs ahead of me. | H93: {=MIN(SUMIF('외운 것'!A2:A271,A93,'외운 것'!D2:D271)+IF(R93=0,3,IF(R93=1,2,0)),3)} -> 3 | I93: {=_xlfn.COUNTIFS('외운 것'!A2:A271,A93,'외운 것'!D2:D271,0)} -> 0 | J93: {=IF(R93<>0,IF(H93>=3,_xlfn.XLOOKUP(A93,'외운 것'!A2:A271,'외운 것'!C2:C271,0,1),0),"3차")} -> 3차 | K93: {=IF(P93<>0,IF(N93>=3,_xlfn.XLOOKUP(A93,'외운 것'!A2:A271,'외운 것'!C2:C271,0,1),0),"1차")} -> 1차 | L93: {=IF(Q93<>0,IF(N93>=3,_xlfn.XLOOKUP(A93,'외운 것'!A2:A271,'외운 것'!C2:C271,0,1),0),"2차")} -> 2차 | M93: {=IF(R93<>0,IF(O93>=3,_xlfn.XLOOKUP(B93,'외운 것'!B2:B271,'외운 것'!D2:D271,0,1),0),"3차")} -> 3차 | N93: 3 | O93: 3 | P93: 0 | Q93: 0 | R93: 0
A94: 93 | B94: 23 | C94: 전치사 | D94: 전치사 | E94: 고양이가 의자 뒤에 숨어 있다 | F94: 고양이 - is - 숨다 ing - behind - 의자 | G94: The cat is hiding behind the chair. | H94: {=MIN(SUMIF('외운 것'!A2:A271,A94,'외운 것'!D2:D271)+IF(R94=0,3,IF(R94=1,2,0)),3)} -> 3 | I94: {=_xlfn.COUNTIFS('외운 것'!A2:A271,A94,'외운 것'!D2:D271,0)} -> 1 | J94: {=IF(R94<>0,IF(H94>=3,_xlfn.XLOOKUP(A94,'외운 것'!A2:A271,'외운 것'!C2:C271,0,1),0),"3차")} -> 2026-04-28 | K94: {=IF(P94<>0,IF(N94>=3,_xlfn.XLOOKUP(A94,'외운 것'!A2:A271,'외운 것'!C2:C271,0,1),0),"1차")} -> 0 | L94: {=IF(Q94<>0,IF(N94>=3,_xlfn.XLOOKUP(A94,'외운 것'!A2:A271,'외운 것'!C2:C271,0,1),0),"2차")} -> 0 | M94: {=IF(R94<>0,IF(O94>=3,_xlfn.XLOOKUP(B94,'외운 것'!B2:B271,'외운 것'!D2:D271,0,1),0),"3차")} -> 0 | N94: 0 | O94: 3 | P94: 4 | Q94: 1 | R94: 1
A95: 94 | B95: 24 | C95: 전치사 | D95: 전치사 | E95: 고양이가 쥐 뒤를 쫓았다 | F95: 고양이 - 쫓았다 - after - 쥐 | G95: The cat chased after the mouse. | H95: {=MIN(SUMIF('외운 것'!A2:A271,A95,'외운 것'!D2:D271)+IF(R95=0,3,IF(R95=1,2,0)),3)} -> 3 | I95: {=_xlfn.COUNTIFS('외운 것'!A2:A271,A95,'외운 것'!D2:D271,0)} -> 0 | J95: {=IF(R95<>0,IF(H95>=3,_xlfn.XLOOKUP(A95,'외운 것'!A2:A271,'외운 것'!C2:C271,0,1),0),"3차")} -> 3차 | K95: {=IF(P95<>0,IF(N95>=3,_xlfn.XLOOKUP(A95,'외운 것'!A2:A271,'외운 것'!C2:C271,0,1),0),"1차")} -> 0 | L95: {=IF(Q95<>0,IF(N95>=3,_xlfn.XLOOKUP(A95,'외운 것'!A2:A271,'외운 것'!C2:C271,0,1),0),"2차")} -> 0 | M95: {=IF(R95<>0,IF(O95>=3,_xlfn.XLOOKUP(B95,'외운 것'!B2:B271,'외운 것'!D2:D271,0,1),0),"3차")} -> 3차 | N95: 0 | O95: 3 | P95: 3 | Q95: 1 | R95: 0
A96: 95 | B96: 25 | C96: 전치사 | D96: 전치사 | E96: 우리는 회의 후에 회식을 했다 | F96: 우리 - 했다 - 회식 - after - 회의 | G96: We had a company dinner after the meeting. | H96: {=MIN(SUMIF('외운 것'!A2:A271,A96,'외운 것'!D2:D271)+IF(R96=0,3,IF(R96=1,2,0)),3)} -> 3 | I96: {=_xlfn.COUNTIFS('외운 것'!A2:A271,A96,'외운 것'!D2:D271,0)} -> 0 | J96: {=IF(R96<>0,IF(H96>=3,_xlfn.XLOOKUP(A96,'외운 것'!A2:A271,'외운 것'!C2:C271,0,1),0),"3차")} -> 3차 | K96: {=IF(P96<>0,IF(N96>=3,_xlfn.XLOOKUP(A96,'외운 것'!A2:A271,'외운 것'!C2:C271,0,1),0),"1차")} -> 0 | L96: {=IF(Q96<>0,IF(N96>=3,_xlfn.XLOOKUP(A96,'외운 것'!A2:A271,'외운 것'!C2:C271,0,1),0),"2차")} -> 0 | M96: {=IF(R96<>0,IF(O96>=3,_xlfn.XLOOKUP(B96,'외운 것'!B2:B271,'외운 것'!D2:D271,0,1),0),"3차")} -> 3차 | N96: 0 | O96: 3 | P96: 4 | Q96: 1 | R96: 0
A97: 96 | B97: 26 | C97: 전치사 | D97: 전치사 | E97: 사건 직후에 그는 조사를 받았다 | F97: 그 - 조사를 받았다 - following - 사건 | G97: He was investigated following the incident. | H97: {=MIN(SUMIF('외운 것'!A2:A271,A97,'외운 것'!D2:D271)+IF(R97=0,3,IF(R97=1,2,0)),3)} -> 3 | I97: {=_xlfn.COUNTIFS('외운 것'!A2:A271,A97,'외운 것'!D2:D271,0)} -> 2 | J97: {=IF(R97<>0,IF(H97>=3,_xlfn.XLOOKUP(A97,'외운 것'!A2:A271,'외운 것'!C2:C271,0,1),0),"3차")} -> 2026-04-28 | K97: {=IF(P97<>0,IF(N97>=3,_xlfn.XLOOKUP(A97,'외운 것'!A2:A271,'외운 것'!C2:C271,0,1),0),"1차")} -> 0 | L97: {=IF(Q97<>0,IF(N97>=3,_xlfn.XLOOKUP(A97,'외운 것'!A2:A271,'외운 것'!C2:C271,0,1),0),"2차")} -> 0 | M97: {=IF(R97<>0,IF(O97>=3,_xlfn.XLOOKUP(B97,'외운 것'!B2:B271,'외운 것'!D2:D271,0,1),0),"3차")} -> 0 | N97: 0 | O97: 3 | P97: 6 | Q97: 5 | R97: 1
A98: 97 | B98: 27 | C98: 전치사 | D98: 전치사 | E98: 나는 역에 도착했다 | F98: 나 - 도착했다 - at - 역 | G98: I arrived at the station. | H98: {=MIN(SUMIF('외운 것'!A2:A271,A98,'외운 것'!D2:D271)+IF(R98=0,3,IF(R98=1,2,0)),3)} -> 3 | I98: {=_xlfn.COUNTIFS('외운 것'!A2:A271,A98,'외운 것'!D2:D271,0)} -> 0 | J98: {=IF(R98<>0,IF(H98>=3,_xlfn.XLOOKUP(A98,'외운 것'!A2:A271,'외운 것'!C2:C271,0,1),0),"3차")} -> 3차 | K98: {=IF(P98<>0,IF(N98>=3,_xlfn.XLOOKUP(A98,'외운 것'!A2:A271,'외운 것'!C2:C271,0,1),0),"1차")} -> 0 | L98: {=IF(Q98<>0,IF(N98>=3,_xlfn.XLOOKUP(A98,'외운 것'!A2:A271,'외운 것'!C2:C271,0,1),0),"2차")} -> 0 | M98: {=IF(R98<>0,IF(O98>=3,_xlfn.XLOOKUP(B98,'외운 것'!B2:B271,'외운 것'!D2:D271,0,1),0),"3차")} -> 3차 | N98: 0 | O98: 3 | P98: 2 | Q98: 1 | R98: 0
A99: 98 | B99: 28 | C99: 전치사 | D99: 전치사 | E99: 컵이 탁자에 있다 | F99: 컵 - 있다 - on - 탁자 | G99: The cup is on the table. | H99: {=MIN(SUMIF('외운 것'!A2:A271,A99,'외운 것'!D2:D271)+IF(R99=0,3,IF(R99=1,2,0)),3)} -> 3 | I99: {=_xlfn.COUNTIFS('외운 것'!A2:A271,A99,'외운 것'!D2:D271,0)} -> 0 | J99: {=IF(R99<>0,IF(H99>=3,_xlfn.XLOOKUP(A99,'외운 것'!A2:A271,'외운 것'!C2:C271,0,1),0),"3차")} -> 3차 | K99: {=IF(P99<>0,IF(N99>=3,_xlfn.XLOOKUP(A99,'외운 것'!A2:A271,'외운 것'!C2:C271,0,1),0),"1차")} -> 0 | L99: {=IF(Q99<>0,IF(N99>=3,_xlfn.XLOOKUP(A99,'외운 것'!A2:A271,'외운 것'!C2:C271,0,1),0),"2차")} -> 2차 | M99: {=IF(R99<>0,IF(O99>=3,_xlfn.XLOOKUP(B99,'외운 것'!B2:B271,'외운 것'!D2:D271,0,1),0),"3차")} -> 3차 | N99: 2 | O99: 3 | P99: 1 | Q99: 0 | R99: 0
A100: 99 | B100: 29 | C100: 전치사 | D100: 전치사 | E100: 나는 길을 죽 따라 걷는다 | F100: 나 - 걷는다 - along - 길 | G100: I walk along the road. | H100: {=MIN(SUMIF('외운 것'!A2:A271,A100,'외운 것'!D2:D271)+IF(R100=0,3,IF(R100=1,2,0)),3)} -> 3 | I100: {=_xlfn.COUNTIFS('외운 것'!A2:A271,A100,'외운 것'!D2:D271,0)} -> 0 | J100: {=IF(R100<>0,IF(H100>=3,_xlfn.XLOOKUP(A100,'외운 것'!A2:A271,'외운 것'!C2:C271,0,1),0),"3차")} -> 3차 | K100: {=IF(P100<>0,IF(N100>=3,_xlfn.XLOOKUP(A100,'외운 것'!A2:A271,'외운 것'!C2:C271,0,1),0),"1차")} -> 0 | L100: {=IF(Q100<>0,IF(N100>=3,_xlfn.XLOOKUP(A100,'외운 것'!A2:A271,'외운 것'!C2:C271,0,1),0),"2차")} -> 2차 | M100: {=IF(R100<>0,IF(O100>=3,_xlfn.XLOOKUP(B100,'외운 것'!B2:B271,'외운 것'!D2:D271,0,1),0),"3차")} -> 3차 | N100: 2 | O100: 3 | P100: 1 | Q100: 0 | R100: 0
...

Sheet 외운 것
A1: No2 | B1: 영어2 | C1: 날짜2 | D1: 외운것2 | E1: 맞춘 수 | F1: 순서
A2: 464 | B2: Has she cooked this dish? | C2: 2026-04-30 | D2: 0 | E2: {=_xlfn.COUNTIFS(D2:D271,1,A2:A271,A2)} -> 0 | F2: {=(YEAR(C2)-2025)*1000+MONTH(C2)*31+DAY(C2)+A2} -> 1618
A3: 462 | B3: Has he heard that song? | C3: 2026-04-30 | D3: 1 | E3: {=_xlfn.COUNTIFS(D2:D271,1,A2:A271,A3)} -> 1 | F3: {=(YEAR(C3)-2025)*1000+MONTH(C3)*31+DAY(C3)+A3} -> 1616
A4: 460 | B4: Has she been to France? | C4: 2026-04-30 | D4: 1 | E4: {=_xlfn.COUNTIFS(D2:D271,1,A2:A271,A4)} -> 1 | F4: {=(YEAR(C4)-2025)*1000+MONTH(C4)*31+DAY(C4)+A4} -> 1614
A5: 457 | B5: Have you used it? | C5: 2026-04-30 | D5: 0 | E5: {=_xlfn.COUNTIFS(D2:D271,1,A2:A271,A5)} -> 0 | F5: {=(YEAR(C5)-2025)*1000+MONTH(C5)*31+DAY(C5)+A5} -> 1611
A6: 455 | B6: Does he exercise on the weekend? | C6: 2026-04-30 | D6: 0 | E6: {=_xlfn.COUNTIFS(D2:D271,1,A2:A271,A6)} -> 0 | F6: {=(YEAR(C6)-2025)*1000+MONTH(C6)*31+DAY(C6)+A6} -> 1609
A7: 431 | B7: He achieved such an amazing result that it surprised everyone. | C7: 2026-04-30 | D7: 0 | E7: {=_xlfn.COUNTIFS(D2:D271,1,A2:A271,A7)} -> 0 | F7: {=(YEAR(C7)-2025)*1000+MONTH(C7)*31+DAY(C7)+A7} -> 1585
A8: 424 | B8: It appears that he is crazy. | C8: 2026-04-30 | D8: 0 | E8: {=_xlfn.COUNTIFS(D2:D271,1,A2:A271,A8)} -> 0 | F8: {=(YEAR(C8)-2025)*1000+MONTH(C8)*31+DAY(C8)+A8} -> 1578
A9: 422 | B9: I am worried about that he will come to the party. | C9: 2026-04-30 | D9: 1 | E9: {=_xlfn.COUNTIFS(D2:D271,1,A2:A271,A9)} -> 1 | F9: {=(YEAR(C9)-2025)*1000+MONTH(C9)*31+DAY(C9)+A9} -> 1576
A10: 418 | B10: That he deceived me made me angry. | C10: 2026-04-30 | D10: 0 | E10: {=_xlfn.COUNTIFS(D2:D271,1,A2:A271,A10)} -> 0 | F10: {=(YEAR(C10)-2025)*1000+MONTH(C10)*31+DAY(C10)+A10} -> 1572
A11: 414 | B11: I think that he asked for help. | C11: 2026-04-30 | D11: 0 | E11: {=_xlfn.COUNTIFS(D2:D271,1,A2:A271,A11)} -> 1 | F11: {=(YEAR(C11)-2025)*1000+MONTH(C11)*31+DAY(C11)+A11} -> 1568
A12: 414 | B12: I think that he asked for help. | C12: 2026-04-30 | D12: 1 | E12: {=_xlfn.COUNTIFS(D2:D271,1,A2:A271,A12)} -> 1 | F12: {=(YEAR(C12)-2025)*1000+MONTH(C12)*31+DAY(C12)+A12} -> 1568
A13: 407 | B13: That he will help us is clear. | C13: 2026-04-30 | D13: 1 | E13: {=_xlfn.COUNTIFS(D2:D271,1,A2:A271,A13)} -> 1 | F13: {=(YEAR(C13)-2025)*1000+MONTH(C13)*31+DAY(C13)+A13} -> 1561
A14: 401 | B14: She wrote a note lest she forget things. | C14: 2026-04-30 | D14: 0 | E14: {=_xlfn.COUNTIFS(D2:D271,1,A2:A271,A14)} -> 1 | F14: {=(YEAR(C14)-2025)*1000+MONTH(C14)*31+DAY(C14)+A14} -> 1555
A15: 401 | B15: She wrote a note lest she forget things. | C15: 2026-04-30 | D15: 1 | E15: {=_xlfn.COUNTIFS(D2:D271,1,A2:A271,A15)} -> 1 | F15: {=(YEAR(C15)-2025)*1000+MONTH(C15)*31+DAY(C15)+A15} -> 1555
A16: 398 | B16: We can catch the train if you hurry. | C16: 2026-04-30 | D16: 1 | E16: {=_xlfn.COUNTIFS(D2:D271,1,A2:A271,A16)} -> 2 | F16: {=(YEAR(C16)-2025)*1000+MONTH(C16)*31+DAY(C16)+A16} -> 1552
A17: 398 | B17: We can catch the train if you hurry. | C17: 2026-04-30 | D17: 1 | E17: {=_xlfn.COUNTIFS(D2:D271,1,A2:A271,A17)} -> 2 | F17: {=(YEAR(C17)-2025)*1000+MONTH(C17)*31+DAY(C17)+A17} -> 1552
A18: 394 | B18: He worked until it was night. | C18: 2026-04-30 | D18: 0 | E18: {=_xlfn.COUNTIFS(D2:D271,1,A2:A271,A18)} -> 1 | F18: {=(YEAR(C18)-2025)*1000+MONTH(C18)*31+DAY(C18)+A18} -> 1548
A19: 394 | B19: He worked until it was night. | C19: 2026-04-30 | D19: 1 | E19: {=_xlfn.COUNTIFS(D2:D271,1,A2:A271,A19)} -> 1 | F19: {=(YEAR(C19)-2025)*1000+MONTH(C19)*31+DAY(C19)+A19} -> 1548
A20: 389 | B20: It rained when I left. | C20: 2026-04-30 | D20: 0 | E20: {=_xlfn.COUNTIFS(D2:D271,1,A2:A271,A20)} -> 1 | F20: {=(YEAR(C20)-2025)*1000+MONTH(C20)*31+DAY(C20)+A20} -> 1543
A21: 389 | B21: It rained when I left. | C21: 2026-04-30 | D21: 1 | E21: {=_xlfn.COUNTIFS(D2:D271,1,A2:A271,A21)} -> 1 | F21: {=(YEAR(C21)-2025)*1000+MONTH(C21)*31+DAY(C21)+A21} -> 1543
A22: 386 | B22: He had dinner and took a walk. | C22: 2026-04-30 | D22: 0 | E22: {=_xlfn.COUNTIFS(D2:D271,1,A2:A271,A22)} -> 0 | F22: {=(YEAR(C22)-2025)*1000+MONTH(C22)*31+DAY(C22)+A22} -> 1540
A23: 386 | B23: He had dinner and took a walk. | C23: 2026-04-30 | D23: 0 | E23: {=_xlfn.COUNTIFS(D2:D271,1,A2:A271,A23)} -> 0 | F23: {=(YEAR(C23)-2025)*1000+MONTH(C23)*31+DAY(C23)+A23} -> 1540
A24: 385 | B24: She took a map lest she get lost. | C24: 2026-04-30 | D24: 0 | E24: {=_xlfn.COUNTIFS(D2:D271,1,A2:A271,A24)} -> 1 | F24: {=(YEAR(C24)-2025)*1000+MONTH(C24)*31+DAY(C24)+A24} -> 1539
A25: 385 | B25: She took a map lest she get lost. | C25: 2026-04-30 | D25: 1 | E25: {=_xlfn.COUNTIFS(D2:D271,1,A2:A271,A25)} -> 1 | F25: {=(YEAR(C25)-2025)*1000+MONTH(C25)*31+DAY(C25)+A25} -> 1539
A26: 376 | B26: We had coffee after we watched a movie. | C26: 2026-04-30 | D26: 0 | E26: {=_xlfn.COUNTIFS(D2:D271,1,A2:A271,A26)} -> 0 | F26: {=(YEAR(C26)-2025)*1000+MONTH(C26)*31+DAY(C26)+A26} -> 1530
A27: 376 | B27: We had coffee after we watched a movie. | C27: 2026-04-30 | D27: 0 | E27: {=_xlfn.COUNTIFS(D2:D271,1,A2:A271,A27)} -> 0 | F27: {=(YEAR(C27)-2025)*1000+MONTH(C27)*31+DAY(C27)+A27} -> 1530
A28: 373 | B28: The class ended when I arrived. | C28: 2026-04-30 | D28: 1 | E28: {=_xlfn.COUNTIFS(D2:D271,1,A2:A271,A28)} -> 2 | F28: {=(YEAR(C28)-2025)*1000+MONTH(C28)*31+DAY(C28)+A28} -> 1527
A29: 373 | B29: The class ended when I arrived. | C29: 2026-04-30 | D29: 1 | E29: {=_xlfn.COUNTIFS(D2:D271,1,A2:A271,A29)} -> 2 | F29: {=(YEAR(C29)-2025)*1000+MONTH(C29)*31+DAY(C29)+A29} -> 1527
A30: 370 | B30: He read a book and went to sleep. | C30: 2026-04-30 | D30: 1 | E30: {=_xlfn.COUNTIFS(D2:D271,1,A2:A271,A30)} -> 2 | F30: {=(YEAR(C30)-2025)*1000+MONTH(C30)*31+DAY(C30)+A30} -> 1524
A31: 370 | B31: He read a book and went to sleep. | C31: 2026-04-30 | D31: 1 | E31: {=_xlfn.COUNTIFS(D2:D271,1,A2:A271,A31)} -> 2 | F31: {=(YEAR(C31)-2025)*1000+MONTH(C31)*31+DAY(C31)+A31} -> 1524
A32: 369 | B32: She worked carefully lest she make a mistake. | C32: 2026-04-30 | D32: 0 | E32: {=_xlfn.COUNTIFS(D2:D271,1,A2:A271,A32)} -> 1 | F32: {=(YEAR(C32)-2025)*1000+MONTH(C32)*31+DAY(C32)+A32} -> 1523
A33: 369 | B33: She worked carefully lest she make a mistake. | C33: 2026-04-30 | D33: 1 | E33: {=_xlfn.COUNTIFS(D2:D271,1,A2:A271,A33)} -> 1 | F33: {=(YEAR(C33)-2025)*1000+MONTH(C33)*31+DAY(C33)+A33} -> 1523
A34: 364 | B34: I was tired because I didn't get enough sleep. | C34: 2026-04-30 | D34: 0 | E34: {=_xlfn.COUNTIFS(D2:D271,1,A2:A271,A34)} -> 1 | F34: {=(YEAR(C34)-2025)*1000+MONTH(C34)*31+DAY(C34)+A34} -> 1518
A35: 364 | B35: I was tired because I didn't get enough sleep. | C35: 2026-04-30 | D35: 1 | E35: {=_xlfn.COUNTIFS(D2:D271,1,A2:A271,A35)} -> 1 | F35: {=(YEAR(C35)-2025)*1000+MONTH(C35)*31+DAY(C35)+A35} -> 1518
A36: 363 | B36: We have been friends since we were children. | C36: 2026-04-30 | D36: 0 | E36: {=_xlfn.COUNTIFS(D2:D271,1,A2:A271,A36)} -> 2 | F36: {=(YEAR(C36)-2025)*1000+MONTH(C36)*31+DAY(C36)+A36} -> 1517
A37: 363 | B37: We have been friends since we were children. | C37: 2026-04-30 | D37: 1 | E37: {=_xlfn.COUNTIFS(D2:D271,1,A2:A271,A37)} -> 2 | F37: {=(YEAR(C37)-2025)*1000+MONTH(C37)*31+DAY(C37)+A37} -> 1517
A38: 363 | B38: We have been friends since we were children. | C38: 2026-04-30 | D38: 1 | E38: {=_xlfn.COUNTIFS(D2:D271,1,A2:A271,A38)} -> 2 | F38: {=(YEAR(C38)-2025)*1000+MONTH(C38)*31+DAY(C38)+A38} -> 1517
A39: 362 | B39: They continued the party until the last guest left. | C39: 2026-04-30 | D39: 0 | E39: {=_xlfn.COUNTIFS(D2:D271,1,A2:A271,A39)} -> 1 | F39: {=(YEAR(C39)-2025)*1000+MONTH(C39)*31+DAY(C39)+A39} -> 1516
A40: 362 | B40: They continued the party until the last guest left. | C40: 2026-04-30 | D40: 1 | E40: {=_xlfn.COUNTIFS(D2:D271,1,A2:A271,A40)} -> 1 | F40: {=(YEAR(C40)-2025)*1000+MONTH(C40)*31+DAY(C40)+A40} -> 1516
A41: 361 | B41: I packed my bags before I left. | C41: 2026-04-30 | D41: 0 | E41: {=_xlfn.COUNTIFS(D2:D271,1,A2:A271,A41)} -> 2 | F41: {=(YEAR(C41)-2025)*1000+MONTH(C41)*31+DAY(C41)+A41} -> 1515
A42: 361 | B42: I packed my bags before I left. | C42: 2026-04-30 | D42: 1 | E42: {=_xlfn.COUNTIFS(D2:D271,1,A2:A271,A42)} -> 2 | F42: {=(YEAR(C42)-2025)*1000+MONTH(C42)*31+DAY(C42)+A42} -> 1515
A43: 361 | B43: I packed my bags before I left. | C43: 2026-04-30 | D43: 1 | E43: {=_xlfn.COUNTIFS(D2:D271,1,A2:A271,A43)} -> 2 | F43: {=(YEAR(C43)-2025)*1000+MONTH(C43)*31+DAY(C43)+A43} -> 1515
A44: 358 | B44: It started to rain as I arrived at the academy. | C44: 2026-04-30 | D44: 0 | E44: {=_xlfn.COUNTIFS(D2:D271,1,A2:A271,A44)} -> 2 | F44: {=(YEAR(C44)-2025)*1000+MONTH(C44)*31+DAY(C44)+A44} -> 1512
A45: 358 | B45: It started to rain as I arrived at the academy. | C45: 2026-04-30 | D45: 1 | E45: {=_xlfn.COUNTIFS(D2:D271,1,A2:A271,A45)} -> 2 | F45: {=(YEAR(C45)-2025)*1000+MONTH(C45)*31+DAY(C45)+A45} -> 1512
A46: 358 | B46: It started to rain as I arrived at the academy. | C46: 2026-04-30 | D46: 1 | E46: {=_xlfn.COUNTIFS(D2:D271,1,A2:A271,A46)} -> 2 | F46: {=(YEAR(C46)-2025)*1000+MONTH(C46)*31+DAY(C46)+A46} -> 1512
A47: 355 | B47: I wanted to drink coffee but I drank milk. | C47: 2026-04-30 | D47: 1 | E47: {=_xlfn.COUNTIFS(D2:D271,1,A2:A271,A47)} -> 1 | F47: {=(YEAR(C47)-2025)*1000+MONTH(C47)*31+DAY(C47)+A47} -> 1509
A48: 354 | B48: She had breakfast and went to work. | C48: 2026-04-30 | D48: 1 | E48: {=_xlfn.COUNTIFS(D2:D271,1,A2:A271,A48)} -> 1 | F48: {=(YEAR(C48)-2025)*1000+MONTH(C48)*31+DAY(C48)+A48} -> 1508
A49: 353 | B49: She bought the shoes which were on sale. | C49: 2026-04-30 | D49: 0 | E49: {=_xlfn.COUNTIFS(D2:D271,1,A2:A271,A49)} -> 2 | F49: {=(YEAR(C49)-2025)*1000+MONTH(C49)*31+DAY(C49)+A49} -> 1507
A50: 353 | B50: She bought the shoes which were on sale. | C50: 2026-04-30 | D50: 1 | E50: {=_xlfn.COUNTIFS(D2:D271,1,A2:A271,A50)} -> 2 | F50: {=(YEAR(C50)-2025)*1000+MONTH(C50)*31+DAY(C50)+A50} -> 1507
A51: 353 | B51: She bought the shoes which were on sale. | C51: 2026-04-30 | D51: 1 | E51: {=_xlfn.COUNTIFS(D2:D271,1,A2:A271,A51)} -> 2 | F51: {=(YEAR(C51)-2025)*1000+MONTH(C51)*31+DAY(C51)+A51} -> 1507
A52: 347 | B52: They live in a house which has a big garden. | C52: 2026-04-30 | D52: 1 | E52: {=_xlfn.COUNTIFS(D2:D271,1,A2:A271,A52)} -> 3 | F52: {=(YEAR(C52)-2025)*1000+MONTH(C52)*31+DAY(C52)+A52} -> 1501
A53: 347 | B53: They live in a house which has a big garden. | C53: 2026-04-30 | D53: 1 | E53: {=_xlfn.COUNTIFS(D2:D271,1,A2:A271,A53)} -> 3 | F53: {=(YEAR(C53)-2025)*1000+MONTH(C53)*31+DAY(C53)+A53} -> 1501
A54: 347 | B54: They live in a house which has a big garden. | C54: 2026-04-30 | D54: 1 | E54: {=_xlfn.COUNTIFS(D2:D271,1,A2:A271,A54)} -> 3 | F54: {=(YEAR(C54)-2025)*1000+MONTH(C54)*31+DAY(C54)+A54} -> 1501
A55: 342 | B55: I saw a man who was walking his dog in the park. | C55: 2026-04-30 | D55: 0 | E55: {=_xlfn.COUNTIFS(D2:D271,1,A2:A271,A55)} -> 2 | F55: {=(YEAR(C55)-2025)*1000+MONTH(C55)*31+DAY(C55)+A55} -> 1496
A56: 342 | B56: I saw a man who was walking his dog in the park. | C56: 2026-04-30 | D56: 1 | E56: {=_xlfn.COUNTIFS(D2:D271,1,A2:A271,A56)} -> 2 | F56: {=(YEAR(C56)-2025)*1000+MONTH(C56)*31+DAY(C56)+A56} -> 1496
A57: 342 | B57: I saw a man who was walking his dog in the park. | C57: 2026-04-30 | D57: 1 | E57: {=_xlfn.COUNTIFS(D2:D271,1,A2:A271,A57)} -> 2 | F57: {=(YEAR(C57)-2025)*1000+MONTH(C57)*31+DAY(C57)+A57} -> 1496
A58: 341 | B58: They found a student who had lost his backpack. | C58: 2026-04-30 | D58: 0 | E58: {=_xlfn.COUNTIFS(D2:D271,1,A2:A271,A58)} -> 1 | F58: {=(YEAR(C58)-2025)*1000+MONTH(C58)*31+DAY(C58)+A58} -> 1495
A59: 341 | B59: They found a student who had lost his backpack. | C59: 2026-04-30 | D59: 1 | E59: {=_xlfn.COUNTIFS(D2:D271,1,A2:A271,A59)} -> 1 | F59: {=(YEAR(C59)-2025)*1000+MONTH(C59)*31+DAY(C59)+A59} -> 1495
A60: 339 | B60: He is looking for a teacher who can teach math. | C60: 2026-04-30 | D60: 1 | E60: {=_xlfn.COUNTIFS(D2:D271,1,A2:A271,A60)} -> 1 | F60: {=(YEAR(C60)-2025)*1000+MONTH(C60)*31+DAY(C60)+A60} -> 1493
A61: 338 | B61: We met a boy who plays the piano very well. | C61: 2026-04-30 | D61: 0 | E61: {=_xlfn.COUNTIFS(D2:D271,1,A2:A271,A61)} -> 1 | F61: {=(YEAR(C61)-2025)*1000+MONTH(C61)*31+DAY(C61)+A61} -> 1492
A62: 338 | B62: We met a boy who plays the piano very well. | C62: 2026-04-30 | D62: 1 | E62: {=_xlfn.COUNTIFS(D2:D271,1,A2:A271,A62)} -> 1 | F62: {=(YEAR(C62)-2025)*1000+MONTH(C62)*31+DAY(C62)+A62} -> 1492
A63: 336 | B63: I know a girl who likes to read books. | C63: 2026-04-30 | D63: 0 | E63: {=_xlfn.COUNTIFS(D2:D271,1,A2:A271,A63)} -> 1 | F63: {=(YEAR(C63)-2025)*1000+MONTH(C63)*31+DAY(C63)+A63} -> 1490
A64: 336 | B64: I know a girl who likes to read books. | C64: 2026-04-30 | D64: 0 | E64: {=_xlfn.COUNTIFS(D2:D271,1,A2:A271,A64)} -> 1 | F64: {=(YEAR(C64)-2025)*1000+MONTH(C64)*31+DAY(C64)+A64} -> 1490
A65: 336 | B65: I know a girl who likes to read books. | C65: 2026-04-30 | D65: 1 | E65: {=_xlfn.COUNTIFS(D2:D271,1,A2:A271,A65)} -> 1 | F65: {=(YEAR(C65)-2025)*1000+MONTH(C65)*31+DAY(C65)+A65} -> 1490
A66: 335 | B66: The reason why she left you was that you didn't meet her on Valentine's Day. | C66: 2026-04-30 | D66: 1 | E66: {=_xlfn.COUNTIFS(D2:D271,1,A2:A271,A66)} -> 3 | F66: {=(YEAR(C66)-2025)*1000+MONTH(C66)*31+DAY(C66)+A66} -> 1489
A67: 335 | B67: The reason why she left you was that you didn't meet her on Valentine's Day. | C67: 2026-04-30 | D67: 1 | E67: {=_xlfn.COUNTIFS(D2:D271,1,A2:A271,A67)} -> 3 | F67: {=(YEAR(C67)-2025)*1000+MONTH(C67)*31+DAY(C67)+A67} -> 1489
A68: 335 | B68: The reason why she left you was that you didn't meet her on Valentine's Day. | C68: 2026-04-30 | D68: 1 | E68: {=_xlfn.COUNTIFS(D2:D271,1,A2:A271,A68)} -> 3 | F68: {=(YEAR(C68)-2025)*1000+MONTH(C68)*31+DAY(C68)+A68} -> 1489
A69: 331 | B69: The lady is a lawyer who came from America where the president is Obama whose wife is Michel. | C69: 2026-04-29 | D69: 1 | E69: {=_xlfn.COUNTIFS(D2:D271,1,A2:A271,A69)} -> 1 | F69: {=(YEAR(C69)-2025)*1000+MONTH(C69)*31+DAY(C69)+A69} -> 1484
A70: 327 | B70: The lady who will buy a car which was made in Germany talks with a lawyer who came from America. | C70: 2026-04-30 | D70: 1 | E70: {=_xlfn.COUNTIFS(D2:D271,1,A2:A271,A70)} -> 1 | F70: {=(YEAR(C70)-2025)*1000+MONTH(C70)*31+DAY(C70)+A70} -> 1481
A71: 327 | B71: The lady who will buy a car which was made in Germany talks with a lawyer who came from America. | C71: 2026-04-29 | D71: 0 | E71: {=_xlfn.COUNTIFS(D2:D271,1,A2:A271,A71)} -> 1 | F71: {=(YEAR(C71)-2025)*1000+MONTH(C71)*31+DAY(C71)+A71} -> 1480
A72: 325 | B72: I don't like the thing which I am now. | C72: 2026-04-29 | D72: 1 | E72: {=_xlfn.COUNTIFS(D2:D271,1,A2:A271,A72)} -> 1 | F72: {=(YEAR(C72)-2025)*1000+MONTH(C72)*31+DAY(C72)+A72} -> 1478
A73: 324 | B73: I had a blind date with a person who had written an English book. | C73: 2026-04-30 | D73: 1 | E73: {=_xlfn.COUNTIFS(D2:D271,1,A2:A271,A73)} -> 3 | F73: {=(YEAR(C73)-2025)*1000+MONTH(C73)*31+DAY(C73)+A73} -> 1478
A74: 324 | B74: I had a blind date with a person who had written an English book. | C74: 2026-04-30 | D74: 1 | E74: {=_xlfn.COUNTIFS(D2:D271,1,A2:A271,A74)} -> 3 | F74: {=(YEAR(C74)-2025)*1000+MONTH(C74)*31+DAY(C74)+A74} -> 1478
A75: 324 | B75: I had a blind date with a person who had written an English book. | C75: 2026-04-30 | D75: 1 | E75: {=_xlfn.COUNTIFS(D2:D271,1,A2:A271,A75)} -> 3 | F75: {=(YEAR(C75)-2025)*1000+MONTH(C75)*31+DAY(C75)+A75} -> 1478
A76: 324 | B76: I had a blind date with a person who had written an English book. | C76: 2026-04-29 | D76: 0 | E76: {=_xlfn.COUNTIFS(D2:D271,1,A2:A271,A76)} -> 3 | F76: {=(YEAR(C76)-2025)*1000+MONTH(C76)*31+DAY(C76)+A76} -> 1477
A77: 323 | B77: I talked with the lawyer who came from America. | C77: 2026-04-29 | D77: 1 | E77: {=_xlfn.COUNTIFS(D2:D271,1,A2:A271,A77)} -> 1 | F77: {=(YEAR(C77)-2025)*1000+MONTH(C77)*31+DAY(C77)+A77} -> 1476
A78: 318 | B78: I met her at the place where it was quiet. | C78: 2026-04-30 | D78: 0 | E78: {=_xlfn.COUNTIFS(D2:D271,1,A2:A271,A78)} -> 1 | F78: {=(YEAR(C78)-2025)*1000+MONTH(C78)*31+DAY(C78)+A78} -> 1472
A79: 318 | B79: I met her at the place where it was quiet. | C79: 2026-04-30 | D79: 1 | E79: {=_xlfn.COUNTIFS(D2:D271,1,A2:A271,A79)} -> 1 | F79: {=(YEAR(C79)-2025)*1000+MONTH(C79)*31+DAY(C79)+A79} -> 1472
A80: 318 | B80: I met her at the place where it was quiet. | C80: 2026-04-29 | D80: 0 | E80: {=_xlfn.COUNTIFS(D2:D271,1,A2:A271,A80)} -> 1 | F80: {=(YEAR(C80)-2025)*1000+MONTH(C80)*31+DAY(C80)+A80} -> 1471
A81: 316 | B81: I know the way how I can speak English. | C81: 2026-04-30 | D81: 1 | E81: {=_xlfn.COUNTIFS(D2:D271,1,A2:A271,A81)} -> 1 | F81: {=(YEAR(C81)-2025)*1000+MONTH(C81)*31+DAY(C81)+A81} -> 1470
A82: 316 | B82: I know the way how I can speak English. | C82: 2026-04-29 | D82: 0 | E82: {=_xlfn.COUNTIFS(D2:D271,1,A2:A271,A82)} -> 1 | F82: {=(YEAR(C82)-2025)*1000+MONTH(C82)*31+DAY(C82)+A82} -> 1469
A83: 315 | B83: I like the newspaper whose headlines are good. | C83: 2026-04-29 | D83: 1 | E83: {=_xlfn.COUNTIFS(D2:D271,1,A2:A271,A83)} -> 1 | F83: {=(YEAR(C83)-2025)*1000+MONTH(C83)*31+DAY(C83)+A83} -> 1468
A84: 313 | B84: The thing which was made in Samsung is expensive. | C84: 2026-04-29 | D84: 1 | E84: {=_xlfn.COUNTIFS(D2:D271,1,A2:A271,A84)} -> 1 | F84: {=(YEAR(C84)-2025)*1000+MONTH(C84)*31+DAY(C84)+A84} -> 1466
A85: 309 | B85: This is the thing which I bought for you. | C85: 2026-04-30 | D85: 0 | E85: {=_xlfn.COUNTIFS(D2:D271,1,A2:A271,A85)} -> 1 | F85: {=(YEAR(C85)-2025)*1000+MONTH(C85)*31+DAY(C85)+A85} -> 1463
A86: 309 | B86: This is the thing which I bought for you. | C86: 2026-04-30 | D86: 1 | E86: {=_xlfn.COUNTIFS(D2:D271,1,A2:A271,A86)} -> 1 | F86: {=(YEAR(C86)-2025)*1000+MONTH(C86)*31+DAY(C86)+A86} -> 1463
A87: 309 | B87: This is the thing which I bought for you. | C87: 2026-04-29 | D87: 0 | E87: {=_xlfn.COUNTIFS(D2:D271,1,A2:A271,A87)} -> 1 | F87: {=(YEAR(C87)-2025)*1000+MONTH(C87)*31+DAY(C87)+A87} -> 1462
A88: 307 | B88: I miss the thing which my mom made in my childhood. | C88: 2026-04-30 | D88: 1 | E88: {=_xlfn.COUNTIFS(D2:D271,1,A2:A271,A88)} -> 1 | F88: {=(YEAR(C88)-2025)*1000+MONTH(C88)*31+DAY(C88)+A88} -> 1461
A89: 307 | B89: I miss the thing which my mom made in my childhood. | C89: 2026-04-29 | D89: 0 | E89: {=_xlfn.COUNTIFS(D2:D271,1,A2:A271,A89)} -> 1 | F89: {=(YEAR(C89)-2025)*1000+MONTH(C89)*31+DAY(C89)+A89} -> 1460
A90: 294 | B90: the place where I planed to meet him. | C90: 2026-04-30 | D90: 1 | E90: {=_xlfn.COUNTIFS(D2:D271,1,A2:A271,A90)} -> 1 | F90: {=(YEAR(C90)-2025)*1000+MONTH(C90)*31+DAY(C90)+A90} -> 1448
A91: 294 | B91: the place where I planed to meet him. | C91: 2026-04-29 | D91: 0 | E91: {=_xlfn.COUNTIFS(D2:D271,1,A2:A271,A91)} -> 1 | F91: {=(YEAR(C91)-2025)*1000+MONTH(C91)*31+DAY(C91)+A91} -> 1447
A92: 293 | B92: where I happened to see my old friend. | C92: 2026-04-30 | D92: 1 | E92: {=_xlfn.COUNTIFS(D2:D271,1,A2:A271,A92)} -> 1 | F92: {=(YEAR(C92)-2025)*1000+MONTH(C92)*31+DAY(C92)+A92} -> 1447
A93: 293 | B93: where I happened to see my old friend. | C93: 2026-04-29 | D93: 0 | E93: {=_xlfn.COUNTIFS(D2:D271,1,A2:A271,A93)} -> 1 | F93: {=(YEAR(C93)-2025)*1000+MONTH(C93)*31+DAY(C93)+A93} -> 1446
A94: 292 | B94: the place where I happened to see my old friend. | C94: 2026-04-30 | D94: 1 | E94: {=_xlfn.COUNTIFS(D2:D271,1,A2:A271,A94)} -> 1 | F94: {=(YEAR(C94)-2025)*1000+MONTH(C94)*31+DAY(C94)+A94} -> 1446
A95: 292 | B95: the place where I happened to see my old friend. | C95: 2026-04-29 | D95: 0 | E95: {=_xlfn.COUNTIFS(D2:D271,1,A2:A271,A95)} -> 1 | F95: {=(YEAR(C95)-2025)*1000+MONTH(C95)*31+DAY(C95)+A95} -> 1445
A96: 286 | B96: the house which has two bedrooms and a wide living room. | C96: 2026-04-29 | D96: 1 | E96: {=_xlfn.COUNTIFS(D2:D271,1,A2:A271,A96)} -> 1 | F96: {=(YEAR(C96)-2025)*1000+MONTH(C96)*31+DAY(C96)+A96} -> 1439
A97: 276 | B97: the day when I was hired. | C97: 2026-04-29 | D97: 1 | E97: {=_xlfn.COUNTIFS(D2:D271,1,A2:A271,A97)} -> 1 | F97: {=(YEAR(C97)-2025)*1000+MONTH(C97)*31+DAY(C97)+A97} -> 1429
A98: 271 | B98: the apartment whose view is great. | C98: 2026-04-29 | D98: 1 | E98: {=_xlfn.COUNTIFS(D2:D271,1,A2:A271,A98)} -> 1 | F98: {=(YEAR(C98)-2025)*1000+MONTH(C98)*31+DAY(C98)+A98} -> 1424
A99: 268 | B99: the movie which we saw on Sunday. | C99: 2026-04-30 | D99: 1 | E99: {=_xlfn.COUNTIFS(D2:D271,1,A2:A271,A99)} -> 3 | F99: {=(YEAR(C99)-2025)*1000+MONTH(C99)*31+DAY(C99)+A99} -> 1422
A100: 268 | B100: the movie which we saw on Sunday. | C100: 2026-04-30 | D100: 1 | E100: {=_xlfn.COUNTIFS(D2:D271,1,A2:A271,A100)} -> 3 | F100: {=(YEAR(C100)-2025)*1000+MONTH(C100)*31+DAY(C100)+A100} -> 1422
...

Sheet 총괄 - 맞춘 문장(3번)
A1: 맞춘 문장(3번)
B2: 날짜 | C2: 맞춘갯수(순서체크) | D2: 회차
A3: 날짜: | C3: 합계:
A4: 46082 | C4: =SUM(C5:C28) -> 0
B5: 46089 | C5: {=COUNTIF('문장'!J2:J724,B5)} -> 0 | D5: {=COUNTIF('외운 것'!C2:C271,B5)/30} -> 0
B6: 46090 | C6: {=COUNTIF('문장'!J2:J724,B6)} -> 0 | D6: {=COUNTIF('외운 것'!C2:C271,B6)/30} -> 0
B7: 46091 | C7: {=COUNTIF('문장'!J2:J724,B7)} -> 0 | D7: {=COUNTIF('외운 것'!C2:C271,B7)/30} -> 0
B8: 46092 | C8: {=COUNTIF('문장'!J2:J724,B8)} -> 0 | D8: {=COUNTIF('외운 것'!C2:C271,B8)/30} -> 0
B9: 46093 | C9: {=COUNTIF('문장'!J2:J724,B9)} -> 0 | D9: {=COUNTIF('외운 것'!C2:C271,B9)/30} -> 0
B10: 46094 | C10: {=COUNTIF('문장'!J2:J724,B10)} -> 0 | D10: {=COUNTIF('외운 것'!C2:C271,B10)/30} -> 0
B11: 46095 | C11: {=COUNTIF('문장'!J2:J724,B11)} -> 0 | D11: {=COUNTIF('외운 것'!C2:C271,B11)/30} -> 0
B12: 46096 | C12: {=COUNTIF('문장'!J2:J724,B12)} -> 0 | D12: {=COUNTIF('외운 것'!C2:C271,B12)/30} -> 0
B13: 46097 | C13: {=COUNTIF('문장'!J2:J724,B13)} -> 0 | D13: {=COUNTIF('외운 것'!C2:C271,B13)/30} -> 0
B14: 46098 | C14: {=COUNTIF('문장'!J2:J724,B14)} -> 0 | D14: {=COUNTIF('외운 것'!C2:C271,B14)/30} -> 0
B15: 46099 | C15: {=COUNTIF('문장'!J2:J724,B15)} -> 0 | D15: {=COUNTIF('외운 것'!C2:C271,B15)/30} -> 0
B16: 46100 | C16: {=COUNTIF('문장'!J2:J724,B16)} -> 0 | D16: {=COUNTIF('외운 것'!C2:C271,B16)/30} -> 0
B17: 46101 | C17: {=COUNTIF('문장'!J2:J724,B17)} -> 0 | D17: {=COUNTIF('외운 것'!C2:C271,B17)/30} -> 0
B18: 46102 | C18: {=COUNTIF('문장'!J2:J724,B18)} -> 0 | D18: {=COUNTIF('외운 것'!C2:C271,B18)/30} -> 0
B19: 46103 | C19: {=COUNTIF('문장'!J2:J724,B19)} -> 0 | D19: {=COUNTIF('외운 것'!C2:C271,B19)/30} -> 0
B20: 46104 | C20: {=COUNTIF('문장'!J2:J724,B20)} -> 0 | D20: {=COUNTIF('외운 것'!C2:C271,B20)/30} -> 0
B21: 46105 | C21: {=COUNTIF('문장'!J2:J724,B21)} -> 0 | D21: {=COUNTIF('외운 것'!C2:C271,B21)/30} -> 0
B22: 46106 | C22: {=COUNTIF('문장'!J2:J724,B22)} -> 0 | D22: {=COUNTIF('외운 것'!C2:C271,B22)/30} -> 0
B23: 46107 | C23: {=COUNTIF('문장'!J2:J724,B23)} -> 0 | D23: {=COUNTIF('외운 것'!C2:C271,B23)/30} -> 0
B24: 46108 | C24: {=COUNTIF('문장'!J2:J724,B24)} -> 0 | D24: {=COUNTIF('외운 것'!C2:C271,B24)/30} -> 0
B25: 46109 | C25: {=COUNTIF('문장'!J2:J724,B25)} -> 0 | D25: {=COUNTIF('외운 것'!C2:C271,B25)/30} -> 0
B26: 46110 | C26: {=COUNTIF('문장'!J2:J724,B26)} -> 0 | D26: {=COUNTIF('외운 것'!C2:C271,B26)/30} -> 0
B27: 46111 | C27: {=COUNTIF('문장'!J2:J724,B27)} -> 0 | D27: {=COUNTIF('외운 것'!C2:C271,B27)/30} -> 0
B28: 46112 | C28: {=COUNTIF('문장'!J2:J724,B28)} -> 0 | D28: {=COUNTIF('외운 것'!C2:C271,B28)/30} -> 0
A29: 46113 | C29: =SUM(C30:C59) -> 109
B30: 46113 | C30: {=COUNTIF('문장'!J2:J724,B30)} -> 0 | D30: {=COUNTIF('외운 것'!C2:C271,B30)/30} -> 0
B31: 46114 | C31: {=COUNTIF('문장'!J2:J724,B31)} -> 0 | D31: {=COUNTIF('외운 것'!C2:C271,B31)/30} -> 0
B32: 46115 | C32: {=COUNTIF('문장'!J2:J724,B32)} -> 0 | D32: {=COUNTIF('외운 것'!C2:C271,B32)/30} -> 0
B33: 46116 | C33: {=COUNTIF('문장'!J2:J724,B33)} -> 0 | D33: {=COUNTIF('외운 것'!C2:C271,B33)/30} -> 0
B34: 46117 | C34: {=COUNTIF('문장'!J2:J724,B34)} -> 0 | D34: {=COUNTIF('외운 것'!C2:C271,B34)/30} -> 0
B35: 46118 | C35: {=COUNTIF('문장'!J2:J724,B35)} -> 0 | D35: {=COUNTIF('외운 것'!C2:C271,B35)/30} -> 0
B36: 46119 | C36: {=COUNTIF('문장'!J2:J724,B36)} -> 0 | D36: {=COUNTIF('외운 것'!C2:C271,B36)/30} -> 0
B37: 46120 | C37: {=COUNTIF('문장'!J2:J724,B37)} -> 0 | D37: {=COUNTIF('외운 것'!C2:C271,B37)/30} -> 0
B38: 46121 | C38: {=COUNTIF('문장'!J2:J724,B38)} -> 0 | D38: {=COUNTIF('외운 것'!C2:C271,B38)/30} -> 0
B39: 46122 | C39: {=COUNTIF('문장'!J2:J724,B39)} -> 0 | D39: {=COUNTIF('외운 것'!C2:C271,B39)/30} -> 0
B40: 46123 | C40: {=COUNTIF('문장'!J2:J724,B40)} -> 0 | D40: {=COUNTIF('외운 것'!C2:C271,B40)/30} -> 0
B41: 46124 | C41: {=COUNTIF('문장'!J2:J724,B41)} -> 0 | D41: {=COUNTIF('외운 것'!C2:C271,B41)/30} -> 0
B42: 46125 | C42: {=COUNTIF('문장'!J2:J724,B42)} -> 0 | D42: {=COUNTIF('외운 것'!C2:C271,B42)/30} -> 0
B43: 46126 | C43: {=COUNTIF('문장'!J2:J724,B43)} -> 0 | D43: {=COUNTIF('외운 것'!C2:C271,B43)/30} -> 0
B44: 46127 | C44: {=COUNTIF('문장'!J2:J724,B44)} -> 0 | D44: {=COUNTIF('외운 것'!C2:C271,B44)/30} -> 0
B45: 46128 | C45: {=COUNTIF('문장'!J2:J724,B45)} -> 0 | D45: {=COUNTIF('외운 것'!C2:C271,B45)/30} -> 0
B46: 46129 | C46: {=COUNTIF('문장'!J2:J724,B46)} -> 0 | D46: {=COUNTIF('외운 것'!C2:C271,B46)/30} -> 0
B47: 46130 | C47: {=COUNTIF('문장'!J2:J724,B47)} -> 0 | D47: {=COUNTIF('외운 것'!C2:C271,B47)/30} -> 0
B48: 46131 | C48: {=COUNTIF('문장'!J2:J724,B48)} -> 0 | D48: {=COUNTIF('외운 것'!C2:C271,B48)/30} -> 0
B49: 46132 | C49: {=COUNTIF('문장'!J2:J724,B49)} -> 0 | D49: {=COUNTIF('외운 것'!C2:C271,B49)/30} -> 0
B50: 46133 | C50: {=COUNTIF('문장'!J2:J724,B50)} -> 0 | D50: {=COUNTIF('외운 것'!C2:C271,B50)/30} -> 0
B51: 46134 | C51: {=COUNTIF('문장'!J2:J724,B51)} -> 0 | D51: {=COUNTIF('외운 것'!C2:C271,B51)/30} -> 0
B52: 46135 | C52: {=COUNTIF('문장'!J2:J724,B52)} -> 0 | D52: {=COUNTIF('외운 것'!C2:C271,B52)/30} -> 0
B53: 46136 | C53: {=COUNTIF('문장'!J2:J724,B53)} -> 0 | D53: {=COUNTIF('외운 것'!C2:C271,B53)/30} -> 0
B54: 46137 | C54: {=COUNTIF('문장'!J2:J724,B54)} -> 0 | D54: {=COUNTIF('외운 것'!C2:C271,B54)/30} -> 0
B55: 46138 | C55: {=COUNTIF('문장'!J2:J724,B55)} -> 0 | D55: {=COUNTIF('외운 것'!C2:C271,B55)/30} -> 0
B56: 46139 | C56: {=COUNTIF('문장'!J2:J724,B56)} -> 0 | D56: {=COUNTIF('외운 것'!C2:C271,B56)/30} -> 0
B57: 46140 | C57: {=COUNTIF('문장'!J2:J724,B57)} -> 34 | D57: {=COUNTIF('외운 것'!C2:C271,B57)/30} -> 3
B58: 46141 | C58: {=COUNTIF('문장'!J2:J724,B58)} -> 43 | D58: {=COUNTIF('외운 것'!C2:C271,B58)/30} -> 3
B59: 46142 | C59: {=COUNTIF('문장'!J2:J724,B59)} -> 32 | D59: {=COUNTIF('외운 것'!C2:C271,B59)/30} -> 3
A60: 46143 | C60: =SUM(C61:C80) -> 0
B61: 46143 | C61: {=COUNTIF('문장'!J2:J724,B61)} -> 0
B62: 46144 | C62: {=COUNTIF('문장'!J2:J724,B62)} -> 0
B63: 46145 | C63: {=COUNTIF('문장'!J2:J724,B63)} -> 0
B64: 46146 | C64: {=COUNTIF('문장'!J2:J724,B64)} -> 0
B65: 46147 | C65: {=COUNTIF('문장'!J2:J724,B65)} -> 0
B66: 46148 | C66: {=COUNTIF('문장'!J2:J724,B66)} -> 0
B67: 46149 | C67: {=COUNTIF('문장'!J2:J724,B67)} -> 0
B68: 46150 | C68: {=COUNTIF('문장'!J2:J724,B68)} -> 0
B69: 46151 | C69: {=COUNTIF('문장'!J2:J724,B69)} -> 0
B70: 46152 | C70: {=COUNTIF('문장'!J2:J724,B70)} -> 0
B71: 46153 | C71: {=COUNTIF('문장'!J2:J724,B71)} -> 0
B72: 46154 | C72: {=COUNTIF('문장'!J2:J724,B72)} -> 0
B73: 46155 | C73: {=COUNTIF('문장'!J2:J724,B73)} -> 0
B74: 46156 | C74: {=COUNTIF('문장'!J2:J724,B74)} -> 0
B75: 46157 | C75: {=COUNTIF('문장'!J2:J724,B75)} -> 0
B76: 46158 | C76: {=COUNTIF('문장'!J2:J724,B76)} -> 0
B77: 46159 | C77: {=COUNTIF('문장'!J2:J724,B77)} -> 0
B78: 46160 | C78: {=COUNTIF('문장'!J2:J724,B78)} -> 0
B79: 46161 | C79: {=COUNTIF('문장'!J2:J724,B79)} -> 0
B80: 46162 | C80: {=COUNTIF('문장'!J2:J724,B80)} -> 0
C81: =SUM(C82) -> 96
C82: {=COUNTIF('문장'!J2:J724,B82)} -> 96

Sheet 총괄 - 전체
A1: 전체
A2: 구분 | B2: 외운갯수 | C2: Skip | D2: 남은갯수
A3: 1차 | B3: {=COUNTIF('문장'!N2:N724,">=3")-C3} -> 0 | C3: {=COUNTIF('문장'!K2:K724,"1차")} -> 204 | D3: {=COUNTA('문장'!A2:A724)-B3-C3} -> 519
A4: 2차 | B4: {=COUNTIF('문장'!O2:O724,">=3")-C4} -> 324 | C4: {=COUNTIF('문장'!L2:L724,"2차")} -> 399 | D4: {=COUNTA('문장'!A2:A724)-B4-C4} -> 0
A5: 3차 | B5: {=COUNTIF('문장'!H2:H724,">=3")-C5} -> 109 | C5: {=COUNTIF('문장'!M2:M724,"3차")} -> 518 | D5: {=COUNTA('문장'!A2:A724)-B5-C5} -> 96

Sheet 총괄 - 틀린 것 복습
A1: 틀린 것 복습
A2: 틀린것 | B2: 영어 | C2: 외운것2차 | D2: sNo(전체 항목 세기)
A3: 2 | D3: 9
A4: 1 | D4: 32

Sheet 총괄 - 통계
A1: 통계
A2: 틀린것 | B2: 날짜 | C2: sNo(전체 항목 세기)
A3: 1 | C3: 39
A4: 2 | C4: 16
A5: 3 | C5: 7
A6: 4 | C6: 3
A7: 5 | C7: 1
A8: 6 | C8: 1
